Age,TotalPurchases,City_Karachi,City_Lahore,City_Peshawar,City_Quetta
1.1128817500082018,-0.6265091884173519,False,False,False,True
0.37165239739850314,1.049219053357034,False,False,False,False
-0.666068696255075,-0.8592560815175578,False,True,False,False
1.4093734910520812,0.6079738580873923,False,False,True,False
-1.184929243081864,0.8785715236752334,False,False,False,False
-0.2213310846892558,0.3128382295917411,False,False,False,False
1.1128817500082018,-0.11359528286792762,False,False,False,True
-0.36957695521119555,-0.3189201166624324,False,False,False,False
-0.07308521416731607,-0.5353725985869454,False,True,False,False
-0.9625604372989545,1.460501688381223,False,True,False,False
-0.9625604372989545,1.1205245910575492,True,False,False,False
0.001037721093653793,1.5825162444847836,False,True,False,False
0.8905129442252921,-1.3072785210380014,False,False,False,False
1.1870046852691716,0.7776526584642834,False,True,False,False
0.001037721093653793,1.490788337395405,False,False,False,True
-1.5555439193867133,-1.1115760227720983,True,False,False,False
-0.14720814942828594,-1.505954627021959,False,False,False,False
-1.6296668546476831,0.8128953402164476,True,False,False,False
0.001037721093653793,0.24008676109616175,False,False,False,False
1.483496426313051,1.159053949863117,False,False,False,True
0.445775332659473,-1.2540866125998236,True,False,False,False
1.038758814747232,0.9990107402679098,False,False,True,False
-1.6296668546476831,-1.0414759549217472,False,False,False,False
-0.2213310846892558,-1.1719929197600918,False,False,True,False
0.6681441384423826,-1.1698966978682401,True,False,False,False
-0.8884375020379846,1.0653750527199077,False,False,True,False
-0.14720814942828594,0.5519278379664058,False,False,True,False
1.483496426313051,0.06338588905337704,True,False,False,False
0.07516065635462366,-0.5011300059247547,False,False,False,True
0.2234065268765634,1.2806354048438668,False,False,True,False
1.3352505557911114,-0.3855882760013473,False,False,True,False
0.29752946213753323,1.0723345108563127,False,False,False,True
-0.5919457609941051,-0.22510394314521137,False,False,True,False
-0.666068696255075,-0.4388679196524295,False,False,True,False
1.7058652320959606,-0.14417440820178423,False,False,True,False
1.483496426313051,-0.6986087604610443,False,True,False,False
-1.5555439193867133,0.8351987045863649,False,False,False,True
0.9646358794862621,-0.006545000279283045,False,False,True,False
-1.259052178342834,-0.9363464962972818,False,False,False,True
-0.2213310846892558,1.3575404587233875,False,False,False,False
-1.110806307820894,-0.4149900867229218,False,False,False,False
1.1128817500082018,0.13380624795244428,False,False,True,False
-0.4436998904721654,1.381248992649828,False,False,False,True
-1.4814209841257435,0.4111409058760459,False,False,False,True
0.07516065635462366,-1.3327113325405175,False,False,False,True
-0.7401916315160448,1.4959155631308776,False,True,False,False
-1.110806307820894,0.4230683460063189,False,False,False,False
0.1492835916155935,-0.5833656681168333,False,False,False,True
-1.6296668546476831,-1.2558062804017456,False,False,False,True
-0.2954540199502257,0.9947412593488016,False,True,False,False
0.29752946213753323,0.396823951341537,False,True,False,False
1.7058652320959606,0.09911835471689014,False,False,False,True
-1.259052178342834,1.3380100604796916,True,False,False,False
1.483496426313051,0.9760839634507344,False,False,False,True
-1.184929243081864,-1.2131747812488891,False,False,False,True
1.7058652320959606,-0.6630532221407266,False,True,False,False
0.8163900089643223,-0.8804003517527664,False,True,False,False
-0.7401916315160448,0.8226077713246238,False,False,False,True
-0.5178228257331352,-1.6192594293158298,False,False,False,True
0.8905129442252921,0.22433239041521208,False,False,False,True
1.1870046852691716,0.8862394209379559,False,True,False,False
-1.4814209841257435,1.2791405326271674,False,False,False,True
-1.6296668546476831,-0.5586995299322685,False,False,False,True
-1.3331751136038037,1.0883447394469827,False,False,True,False
1.3352505557911114,-1.3542501601341606,True,False,False,False
-1.4814209841257435,1.174946108282636,False,False,False,False
0.37165239739850314,-1.2963087605864037,True,False,False,False
-0.4436998904721654,-0.36894450131552625,False,False,True,False
0.1492835916155935,1.0059816605180232,False,False,False,False
1.483496426313051,-1.2192155774492737,False,False,False,True
0.7422670737033524,-0.9465252126214581,False,False,True,False
-1.0366833725599243,0.7480411043747038,False,False,False,True
0.8905129442252921,0.7404240577432925,False,True,False,False
-0.7401916315160448,0.469263488141956,False,False,True,False
0.5198982679204428,0.6507528672503262,False,True,False,False
-0.666068696255075,0.13095877228756808,False,False,True,False
-1.184929243081864,-0.8690233455477815,False,False,True,False
-0.7401916315160448,-0.5462764814435966,False,True,False,False
-0.07308521416731607,-1.1103226288280672,False,False,False,False
1.1870046852691716,1.3880494132934582,True,False,False,False
-0.2213310846892558,0.27074246382221817,False,False,False,True
-0.5919457609941051,-0.3566937227324422,False,False,True,False
1.557619361574021,-0.14649105023187736,False,False,False,True
-0.4436998904721654,1.5215272256153827,False,True,False,False
1.7058652320959606,-1.207412157933343,False,False,False,True
0.001037721093653793,0.28049749604769364,False,True,False,False
0.1492835916155935,0.004345187739945573,False,False,False,True
0.07516065635462366,0.367199976133483,True,False,False,False
1.557619361574021,-1.6722694997892618,True,False,False,False
1.2611276205301414,1.2631857721913213,True,False,False,False
0.37165239739850314,1.4694011934600537,True,False,False,False
-0.666068696255075,0.20798312534604843,True,False,False,False
1.557619361574021,0.660041610103049,True,False,False,False
-1.7037897899086532,1.4363386632926245,False,True,False,False
0.07516065635462366,0.6964345193154697,False,False,True,False
-1.259052178342834,-1.2102044397984055,False,False,False,True
-1.110806307820894,0.24632621156503678,True,False,False,False
0.001037721093653793,0.35091021745895273,False,True,False,False
-1.7037897899086532,-0.2766771978766227,False,True,False,False
1.483496426313051,0.7968213559887453,False,True,False,False
-1.184929243081864,1.4771306395430244,False,False,True,False
0.001037721093653793,1.446888024094064,False,False,False,True
-0.9625604372989545,-0.1848728249315648,False,False,True,False
-0.5178228257331352,-1.3452916353078914,False,False,False,False
-1.184929243081864,1.6506228279359059,False,True,False,False
0.8163900089643223,1.148980446270827,False,False,False,False
0.8163900089643223,-1.3060223529547323,True,False,False,False
0.6681441384423826,1.430641432975483,True,False,False,False
-1.4072980488647737,1.2555291455516562,False,False,True,False
1.3352505557911114,0.048855386475574386,False,False,False,True
1.1128817500082018,0.29784047734688934,False,False,False,False
1.2611276205301414,-0.36304820375538793,False,False,False,True
0.29752946213753323,-1.546289432204903,False,False,True,False
-1.259052178342834,-0.58236327441216,True,False,False,False
-1.110806307820894,1.0250861585273392,False,False,False,True
-1.184929243081864,-1.7185972543214434,False,False,False,True
-0.8884375020379846,-0.5881999585944461,True,False,False,False
0.7422670737033524,-0.3659149022625716,False,False,False,False
0.6681441384423826,0.11264223683392571,True,False,False,False
-0.07308521416731607,1.427251393395632,False,False,False,True
0.001037721093653793,-0.5440422685719043,False,False,False,False
0.9646358794862621,-0.5419551469092523,False,False,False,False
0.8163900089643223,0.8004545679389041,True,False,False,False
1.483496426313051,-0.1801343424628758,False,False,False,True
1.1870046852691716,-0.9624966247098958,False,False,True,False
-0.14720814942828594,-0.17937273384262004,False,False,False,True
0.2234065268765634,-1.250358425182223,False,True,False,False
0.8163900089643223,-1.1282331907616148,False,False,True,False
-1.7037897899086532,-0.0215060169232859,False,False,False,False
0.8163900089643223,-0.29456882574956594,False,False,True,False
0.9646358794862621,1.4100317692994475,False,False,False,False
1.7058652320959606,-0.48888167194589555,False,False,False,False
-0.7401916315160448,0.2611063354320774,False,False,True,False
-1.5555439193867133,0.4387292460736362,False,False,False,False
-1.7037897899086532,-1.6895097882229786,False,False,False,False
-1.4072980488647737,0.5462225297101545,False,True,False,False
0.1492835916155935,-1.1225652395810737,False,False,False,True
-0.7401916315160448,1.568916460291962,False,False,False,True
1.1128817500082018,-1.2235282886323438,False,True,False,False
0.2234065268765634,-0.3093535406302506,False,False,True,False
-1.110806307820894,-1.4411508505880153,True,False,False,False
-0.666068696255075,1.6919833909878887,True,False,False,False
-0.666068696255075,-0.008350859769060389,True,False,False,False
0.1492835916155935,0.3119661202322684,False,True,False,False
1.3352505557911114,-1.503960302438168,False,True,False,False
-0.8143145667770147,0.8432799800820203,False,False,False,False
0.5940212031814127,-1.0130214938910753,True,False,False,False
1.1128817500082018,1.3523148691763913,False,False,True,False
0.5940212031814127,-1.0294032455116584,False,False,True,False
-1.4814209841257435,-1.07907804929173,True,False,False,False
0.445775332659473,-1.6088884568293373,True,False,False,False
0.9646358794862621,-0.11190843183911542,True,False,False,False
-0.07308521416731607,0.20697927652528614,False,True,False,False
1.1128817500082018,-1.5086618980132718,False,True,False,False
1.557619361574021,0.9311605517587396,False,True,False,False
-0.666068696255075,-0.17645341681804366,False,False,False,True
1.4093734910520812,0.06793970573018378,False,False,True,False
0.37165239739850314,-0.21950866220447884,False,False,True,False
0.8905129442252921,-0.35699742365730064,False,False,False,False
-0.8143145667770147,0.18910284074158554,False,True,False,False
0.5940212031814127,-1.2009197404990044,False,False,False,True
-1.259052178342834,-1.1091869156761585,False,False,False,True
-0.14720814942828594,1.227650533217438,False,False,True,False
0.29752946213753323,1.5175129434094807,False,True,False,False
-1.6296668546476831,-0.45136269781849375,False,False,False,False
1.3352505557911114,-0.8039026085435713,False,True,False,False
1.557619361574021,0.47906620563555363,True,False,False,False
-1.3331751136038037,-0.3295987568225363,False,True,False,False
0.29752946213753323,-1.647259507141865,True,False,False,False
0.29752946213753323,-1.197783764164683,True,False,False,False
1.483496426313051,0.7264540323092056,False,False,False,False
1.483496426313051,0.5303650354687619,False,False,True,False
-0.2954540199502257,-1.641383064718602,False,True,False,False
0.445775332659473,-0.9715457282606793,True,False,False,False
-0.9625604372989545,-0.940257733581867,False,True,False,False
0.29752946213753323,0.5749419973700561,False,False,True,False
0.07516065635462366,-1.6667686896113942,False,False,True,False
1.1128817500082018,-1.3766718485510852,False,False,False,True
0.6681441384423826,1.014989718493216,False,False,True,False
-1.7037897899086532,-1.1208167290858853,False,False,False,False
0.2234065268765634,0.5091302999811431,True,False,False,False
-0.8143145667770147,-0.9158258423387813,False,False,False,True
1.2611276205301414,-1.3927141261088027,False,False,False,False
-1.5555439193867133,-0.8986760128700667,False,True,False,False
1.1128817500082018,0.7480904751292383,True,False,False,False
-1.3331751136038037,1.2067206166627034,False,False,True,False
-1.184929243081864,1.1191512627149294,True,False,False,False
0.2234065268765634,-0.3693011531994509,False,True,False,False
-1.110806307820894,0.5618543152925806,False,False,False,True
0.9646358794862621,-1.0299372047210922,False,False,False,True
0.6681441384423826,-0.7268977897809303,False,False,False,True
1.3352505557911114,1.346408061859051,False,False,True,False
1.483496426313051,-1.689827847175049,False,False,False,False
0.001037721093653793,-1.4406048001451521,False,False,False,False
-0.666068696255075,-1.0199624552076934,True,False,False,False
0.5940212031814127,-1.643320944938256,False,False,True,False
0.5940212031814127,-1.1108804309943927,False,False,False,True
0.001037721093653793,0.26953862410172347,False,False,False,True
1.2611276205301414,-0.2859788004981847,False,True,False,False
-0.8884375020379846,1.3338136231543738,False,True,False,False
1.1128817500082018,1.0752359667528248,False,False,False,True
-1.6296668546476831,-0.5596083275284248,False,False,False,True
-1.5555439193867133,-0.8428164946101154,False,False,True,False
0.9646358794862621,-0.4294224406756313,False,False,False,False
-0.5178228257331352,0.2944702809005899,False,True,False,False
-1.6296668546476831,-0.8131179761993392,False,False,False,False
-1.6296668546476831,0.41083468828028047,False,False,True,False
0.29752946213753323,-0.3272700876360429,False,False,False,True
-0.07308521416731607,0.16300331460752193,False,False,False,False
0.9646358794862621,-0.23544448336431026,False,False,False,True
0.5940212031814127,-0.7223673988897334,False,False,False,True
0.6681441384423826,1.5255486912260308,True,False,False,False
-1.7037897899086532,0.8901823147782241,False,False,False,False
-0.36957695521119555,-1.2529152021139631,False,False,False,False
-1.6296668546476831,1.250619430903259,False,False,False,True
1.483496426313051,-0.059097713988041624,False,False,True,False
0.1492835916155935,1.3402774186496986,True,False,False,False
0.5940212031814127,1.0147806327916389,False,False,False,True
-1.3331751136038037,-0.27295523389081133,False,True,False,False
0.5940212031814127,-1.657286116482659,False,True,False,False
-1.4814209841257435,-0.8110084745185785,True,False,False,False
-0.9625604372989545,0.12721138808052665,False,False,True,False
-0.5178228257331352,0.4429018286800685,False,False,False,True
1.038758814747232,-0.8480952382939789,False,False,False,False
0.001037721093653793,-1.2555175468920476,True,False,False,False
-1.4072980488647737,1.135341970891571,False,False,True,False
0.7422670737033524,1.6491138141761403,False,False,False,False
-1.3331751136038037,0.07240782642149828,False,True,False,False
-0.14720814942828594,-1.144414716079843,False,True,False,False
-0.9625604372989545,-0.7985313844573865,False,False,False,False
-0.5919457609941051,-1.6713053772829072,True,False,False,False
0.6681441384423826,1.4081512708842996,False,True,False,False
-1.110806307820894,-1.3297792167020304,False,False,False,True
-1.3331751136038037,0.24711030013359783,False,False,False,False
-0.5919457609941051,-0.7925234421973244,False,False,False,False
0.37165239739850314,0.17032747287650982,False,True,False,False
-1.5555439193867133,0.5045734759149828,True,False,False,False
-0.2954540199502257,1.1175080499305035,False,False,False,True
0.8905129442252921,-1.0249979635087882,True,False,False,False
-0.36957695521119555,-1.696723288708259,False,False,True,False
0.1492835916155935,-1.2640090706959268,False,False,True,False
-1.5555439193867133,1.3590668316574064,False,True,False,False
-0.36957695521119555,1.2692565282336015,False,True,False,False
-0.2954540199502257,0.3189371467984669,False,True,False,False
0.5940212031814127,0.3296055275153862,False,False,True,False
-1.259052178342834,0.551376001352558,True,False,False,False
1.2611276205301414,-1.1317244286323527,True,False,False,False
0.6681441384423826,1.4085401587137394,False,True,False,False
1.1870046852691716,-0.2951013397561562,False,False,False,True
1.1128817500082018,-0.4175772781616438,True,False,False,False
-0.4436998904721654,0.04912915678488282,False,False,True,False
1.1870046852691716,-1.573085074869339,False,False,False,False
-1.7037897899086532,-1.1629618105931687,False,False,False,False
-0.9625604372989545,0.8022844488128186,False,False,False,False
0.29752946213753323,-1.4499192656956117,False,False,False,True
0.07516065635462366,0.33866352674719735,False,True,False,False
-0.07308521416731607,-0.8911934078095491,False,False,True,False
0.5198982679204428,-0.3964138595679204,False,False,False,True
0.445775332659473,-0.7422072611487585,False,False,True,False
1.3352505557911114,-0.5119840302200339,False,False,True,False
0.8163900089643223,0.7370190140441997,False,True,False,False
-1.259052178342834,-0.7132382244379412,False,False,False,False
-0.5919457609941051,0.21235343484562882,False,True,False,False
0.1492835916155935,-0.09821630984046736,False,False,False,True
-1.6296668546476831,0.5466824103550841,False,False,False,True
-1.7037897899086532,1.4855956297041,False,False,False,True
-0.8884375020379846,0.7835118636606678,False,True,False,False
-1.4072980488647737,-0.9957156975199959,False,False,True,False
0.9646358794862621,-1.6273345502560255,False,False,True,False
0.5940212031814127,-0.8330526162269252,True,False,False,False
-1.110806307820894,0.3109105879726623,False,False,False,True
1.2611276205301414,-1.557755484548244,False,False,True,False
0.8163900089643223,-0.028385752600123843,True,False,False,False
-0.36957695521119555,0.31697704607658317,False,False,True,False
-0.5919457609941051,-0.585640175748207,False,False,False,True
-1.5555439193867133,0.9152962419994237,False,False,False,False
-0.2954540199502257,-1.3681142363190855,False,False,False,True
0.001037721093653793,-1.476251616208162,False,True,False,False
0.6681441384423826,0.7684452422606508,False,False,True,False
0.001037721093653793,-0.03139310567472714,False,False,True,False
-0.9625604372989545,0.6316897357374719,False,True,False,False
-1.184929243081864,-0.23991012083946361,False,True,False,False
0.8905129442252921,-0.8875742505082438,False,False,False,False
1.038758814747232,1.0809375189800439,False,False,True,False
1.1870046852691716,1.0132703860245198,False,False,True,False
-0.2954540199502257,0.6533240179680058,False,False,False,False
0.8163900089643223,-0.7990888689457974,True,False,False,False
0.07516065635462366,0.2942493496935843,False,False,False,False
0.8163900089643223,-0.4937625687663077,False,False,False,True
0.07516065635462366,-1.4197285404961124,False,False,True,False
0.37165239739850314,1.4185137732728283,False,True,False,False
-0.4436998904721654,-1.2642393632566287,False,False,False,True
1.6317422968349908,1.531680899178445,False,False,True,False
-0.4436998904721654,-0.2014870919205604,False,False,False,False
-1.6296668546476831,-1.0981712353470645,False,False,False,True
0.8163900089643223,0.12812821405033906,False,False,True,False
-0.5919457609941051,1.266010937262442,True,False,False,False
1.2611276205301414,0.7823184147202255,True,False,False,False
0.8905129442252921,1.037830433039095,False,True,False,False
0.6681441384423826,0.529881843924939,False,False,True,False
-1.4814209841257435,0.6450062045600646,True,False,False,False
0.6681441384423826,1.1843757109240944,False,False,False,False
-0.7401916315160448,-0.8763482888286033,False,False,True,False
-0.2213310846892558,-0.05224465183734921,False,False,False,False
-0.2954540199502257,-0.9741673849295431,False,False,False,False
-1.184929243081864,1.6603392660194458,True,False,False,False
-1.259052178342834,1.510445544725614,False,False,True,False
-1.5555439193867133,-1.5989990067341229,False,False,False,True
-0.5178228257331352,0.6907167918830195,True,False,False,False
0.6681441384423826,1.4457874334187677,True,False,False,False
-0.8884375020379846,-1.1138367717889477,False,False,True,False
-0.14720814942828594,0.21764882256026788,False,False,True,False
-0.14720814942828594,1.412239844176573,False,False,False,False
1.6317422968349908,-1.6178379773660274,False,False,True,False
0.445775332659473,0.6626863762588594,False,False,False,False
1.038758814747232,-0.7124569667785442,True,False,False,False
1.038758814747232,1.4428584803369078,False,True,False,False
1.557619361574021,1.603247424945831,False,False,False,True
-1.184929243081864,1.51115756826711,True,False,False,False
0.2234065268765634,-0.10452773127312805,False,False,True,False
0.2234065268765634,1.228534008477041,False,False,False,True
0.7422670737033524,1.168405396219105,False,True,False,False
-0.2213310846892558,-0.6376918274311094,False,True,False,False
0.445775332659473,1.114667751956671,False,False,False,False
0.6681441384423826,-1.6073143120401527,False,False,False,True
0.29752946213753323,0.3150076057337056,False,False,False,False
1.7058652320959606,-0.9439216979373944,True,False,False,False
0.6681441384423826,-1.3201006094539878,False,False,False,True
-1.4072980488647737,-1.4700115714171123,True,False,False,False
-0.36957695521119555,0.6587971620627153,False,False,False,False
-1.4814209841257435,-0.5662847926964387,False,False,False,True
0.8163900089643223,0.7566830390794894,False,False,False,False
-0.5178228257331352,-1.509872835072701,False,False,False,True
1.483496426313051,-0.6507882001883443,False,False,False,False
0.29752946213753323,0.11984563699778544,False,True,False,False
0.445775332659473,0.9833913890363967,False,False,False,False
0.37165239739850314,-0.6388878869959779,False,True,False,False
1.6317422968349908,0.41682398148724853,False,False,False,False
-1.3331751136038037,1.310804826066721,False,False,False,True
0.8163900089643223,0.38235463138817866,False,False,False,True
1.2611276205301414,-0.9337796310709409,False,False,False,True
0.9646358794862621,-1.6506471678009838,False,False,True,False
0.001037721093653793,1.2562252285622222,True,False,False,False
0.37165239739850314,-1.661410459276854,False,False,False,True
1.6317422968349908,1.2720461803300216,False,True,False,False
0.5198982679204428,0.0835683982919922,False,False,False,True
0.8163900089643223,1.4932880460014482,False,False,True,False
0.6681441384423826,1.0110958357235875,False,True,False,False
-0.2213310846892558,1.6956263860357785,False,False,True,False
0.5940212031814127,-0.529035867450148,False,True,False,False
-0.07308521416731607,0.9024962306487577,False,False,False,False
0.6681441384423826,-0.35298322650352976,True,False,False,False
-1.5555439193867133,-0.08506809415972268,True,False,False,False
-0.4436998904721654,0.42237199484159615,False,False,True,False
0.07516065635462366,1.268524520717861,True,False,False,False
1.3352505557911114,1.6480183243287418,False,False,True,False
0.5198982679204428,0.9062260719999856,False,False,True,False
-1.5555439193867133,-0.29855145043514203,False,False,True,False
1.1870046852691716,-0.2862109806760936,True,False,False,False
1.6317422968349908,0.8007331686869525,False,False,True,False
0.001037721093653793,-0.9137828645691007,True,False,False,False
0.5940212031814127,-1.354791951994161,False,False,True,False
1.7058652320959606,-0.5155950593501545,False,False,False,True
-0.14720814942828594,-0.7472075780012168,False,False,True,False
-0.07308521416731607,-0.7160347511827849,False,True,False,False
-1.6296668546476831,-0.9315513459560509,False,False,True,False
0.2234065268765634,-1.5898340086629945,False,False,False,False
1.3352505557911114,-1.673081546023164,False,False,True,False
-1.6296668546476831,1.6605261894363417,False,True,False,False
0.1492835916155935,-0.2641571583985745,False,True,False,False
-0.5178228257331352,-0.41349342117429044,True,False,False,False
1.1870046852691716,0.6015962559570331,False,False,False,True
0.6681441384423826,-0.9843263509768618,False,False,True,False
-1.110806307820894,1.5307316353918108,True,False,False,False
1.4093734910520812,0.968342608947913,False,False,False,True
1.1128817500082018,-1.427191045684855,False,False,True,False
0.37165239739850314,-0.2991908001315129,False,False,False,False
1.3352505557911114,1.2872272409564938,False,False,True,False
0.1492835916155935,1.5127577203271665,False,True,False,False
0.8163900089643223,-0.12794467577514448,False,True,False,False
0.07516065635462366,0.3739271951476531,False,False,False,False
0.001037721093653793,-1.160381891637346,True,False,False,False
-0.8143145667770147,1.6723717517663672,False,False,False,True
-1.259052178342834,-0.9382060249536571,False,False,True,False
0.8905129442252921,1.5058823753263733,False,True,False,False
1.557619361574021,0.4984766973729292,True,False,False,False
-0.2954540199502257,0.3544222184034316,False,False,False,False
-1.7037897899086532,0.027717883626894122,False,True,False,False
-1.184929243081864,-0.9416497662127948,False,False,False,False
1.6317422968349908,-1.1277483826815042,False,False,True,False
-0.5919457609941051,-0.9766533138141962,False,False,False,True
-0.7401916315160448,-1.0936844836462478,False,True,False,False
-0.8884375020379846,0.9451049668676513,False,True,False,False
-0.07308521416731607,-0.5310520057022696,False,False,True,False
-0.666068696255075,-1.5356991475115798,True,False,False,False
0.29752946213753323,1.5965254949991328,False,False,False,True
0.7422670737033524,1.303270852770731,False,True,False,False
-1.6296668546476831,1.4543941798119473,False,False,False,True
0.5940212031814127,1.6852242900614365,False,True,False,False
-0.07308521416731607,-1.1367979048166303,False,False,False,True
-0.14720814942828594,-0.3725373571537968,False,False,False,False
0.07516065635462366,0.8717335208143815,False,True,False,False
-0.14720814942828594,0.6578754376500425,False,False,False,True
-0.14720814942828594,-1.2055405663981957,True,False,False,False
1.3352505557911114,1.0697004994617039,False,False,False,False
-1.3331751136038037,-0.9630611961599665,False,False,False,False
-0.666068696255075,-0.9652024526729223,True,False,False,False
1.4093734910520812,0.11119453740505571,False,False,False,True
0.9646358794862621,0.3035617702314108,False,False,True,False
0.6681441384423826,0.25938034833128154,True,False,False,False
-1.184929243081864,-1.4200558898129754,False,False,False,True
1.483496426313051,1.2815301949724598,True,False,False,False
1.483496426313051,-0.821585969408105,True,False,False,False
-1.4072980488647737,-1.2893440100857851,False,True,False,False
1.1128817500082018,1.320327137427038,False,False,False,True
-1.4814209841257435,1.5502906454635235,False,False,True,False
-1.3331751136038037,1.228826058470958,False,True,False,False
1.557619361574021,1.047987243619997,True,False,False,False
0.5940212031814127,0.5177092287684595,True,False,False,False
0.445775332659473,0.15891364409373754,True,False,False,False
1.7058652320959606,-1.435523763212439,False,False,False,True
0.8163900089643223,-0.33056447868211203,False,False,False,True
1.1870046852691716,-0.4534965376255558,False,True,False,False
-0.5919457609941051,-0.841680999258653,False,False,True,False
-0.8143145667770147,0.752054244787068,False,True,False,False
1.3352505557911114,-0.030071763437542032,False,False,False,False
0.445775332659473,-1.455942874406183,True,False,False,False
-0.36957695521119555,-0.9776948238306677,True,False,False,False
-0.5178228257331352,0.6140098045113209,True,False,False,False
-0.36957695521119555,-1.472838163655643,False,True,False,False
0.29752946213753323,1.191288914877024,False,True,False,False
0.1492835916155935,-0.03257823095112735,True,False,False,False
0.9646358794862621,-0.08262435996768691,False,True,False,False
0.1492835916155935,0.30173263913921866,False,False,False,True
-0.07308521416731607,1.1001127054402033,False,False,False,True
-1.110806307820894,-0.53901284367789,False,True,False,False
-0.8884375020379846,0.5959896604067522,True,False,False,False
-1.7037897899086532,0.21004128091141258,False,True,False,False
-1.7037897899086532,-0.8166767998502114,False,True,False,False
1.7058652320959606,1.2855487608345018,False,True,False,False
0.7422670737033524,1.0064307567397806,False,False,False,False
0.5940212031814127,0.5287422866999185,False,False,False,True
0.07516065635462366,1.1891400003845036,False,False,True,False
1.1870046852691716,1.2465848776767317,False,False,True,False
1.557619361574021,0.7002991607530736,False,False,False,False
-1.7037897899086532,1.1425020690665433,False,True,False,False
-0.5919457609941051,0.662862344083307,False,False,False,False
1.1128817500082018,0.6032924992859767,False,False,False,False
-1.4072980488647737,0.39180083662247567,True,False,False,False
-0.14720814942828594,0.852753611533919,False,False,False,True
0.37165239739850314,-1.189353891070425,False,False,True,False
-1.5555439193867133,1.2932508483584548,False,True,False,False
-0.8884375020379846,1.2622220330331322,False,False,True,False
0.1492835916155935,-1.6339885499172198,False,False,True,False
-0.5919457609941051,1.1040166766646784,False,False,False,True
0.9646358794862621,-1.291561218720366,False,False,True,False
-0.14720814942828594,-0.5826327111447901,False,False,True,False
0.37165239739850314,0.8211021328638395,False,False,False,False
-0.7401916315160448,-1.181947345137507,False,False,False,True
0.29752946213753323,1.0770352357337265,True,False,False,False
-1.4072980488647737,1.1257312287854866,False,True,False,False
1.7058652320959606,0.009772787818525292,False,False,True,False
0.445775332659473,-1.7125688448274032,False,True,False,False
1.6317422968349908,-0.7478979780079771,True,False,False,False
-1.4072980488647737,0.3860109337547954,False,True,False,False
-0.8884375020379846,1.638059621798867,True,False,False,False
-0.5919457609941051,0.43717986995732383,False,False,False,False
0.1492835916155935,-0.8415098336745783,False,False,True,False
0.1492835916155935,0.44471491845886374,True,False,False,False
-0.2213310846892558,0.12154393673920207,False,True,False,False
1.1128817500082018,0.9460018185433798,False,False,True,False
0.8905129442252921,-1.3667998826196381,False,False,False,False
0.6681441384423826,0.8813214669549716,False,False,True,False
0.445775332659473,0.12594773275757754,True,False,False,False
0.9646358794862621,1.5755217691732128,False,False,False,False
-0.07308521416731607,-0.5594199171540036,False,True,False,False
-1.0366833725599243,0.43995842317122763,False,False,False,False
-1.4072980488647737,1.469091233017073,False,False,False,False
0.8905129442252921,-1.3821675030674427,False,False,False,True
0.7422670737033524,1.4869662243738775,False,False,False,False
0.5198982679204428,0.6299137996545331,False,False,False,False
-1.0366833725599243,-1.501345995964502,False,False,True,False
-0.36957695521119555,-0.7000328362920777,False,True,False,False
0.5940212031814127,0.6996430314963288,False,False,True,False
-1.7037897899086532,-1.5030180705358562,False,False,True,False
-1.4072980488647737,0.2665444363723647,True,False,False,False
1.557619361574021,-0.5456334983491596,False,False,True,False
-1.4814209841257435,0.39972073111267276,False,False,False,True
-0.5919457609941051,-1.5772920335653795,False,False,False,True
0.001037721093653793,1.261167755460897,True,False,False,False
-0.5919457609941051,1.6116024213656024,False,True,False,False
-1.6296668546476831,1.5957528885244816,False,True,False,False
0.29752946213753323,0.8422191130912652,False,False,True,False
0.5940212031814127,-1.287380246653768,False,False,True,False
0.2234065268765634,0.8718184903089742,False,False,True,False
-0.2954540199502257,-1.650007376350243,False,True,False,False
0.001037721093653793,-1.6584745676345072,False,False,False,False
-0.8884375020379846,-0.622190721293749,False,False,False,True
0.8163900089643223,-0.054931798784598466,False,False,False,False
0.6681441384423826,0.9135611685463665,False,False,False,False
0.6681441384423826,0.6141356522171199,False,True,False,False
1.4093734910520812,-0.20184135711591963,False,False,False,False
0.9646358794862621,-0.7939964891192478,True,False,False,False
-0.8884375020379846,1.6928435559998334,False,False,True,False
-1.5555439193867133,-0.2696286748754088,True,False,False,False
-1.7037897899086532,-0.18299040709657066,False,False,False,True
0.6681441384423826,-1.17210332985611,False,False,True,False
1.1870046852691716,0.9974372958431628,False,False,False,False
-1.0366833725599243,0.6498378081345434,False,False,False,True
1.4093734910520812,-0.9756791855123363,False,False,True,False
1.483496426313051,-1.4513547363132606,False,False,False,False
0.37165239739850314,0.6045248561798374,True,False,False,False
-0.8143145667770147,0.5151974050181629,False,False,True,False
-0.8884375020379846,-0.7952584371576334,False,False,False,False
0.5198982679204428,1.5338333316066075,True,False,False,False
1.6317422968349908,-1.2152955206266407,False,False,False,True
-1.6296668546476831,-0.24847758563449868,False,False,False,True
0.8163900089643223,1.5089214027516635,False,False,False,True
-0.07308521416731607,-0.2918126101515667,False,False,False,True
-0.5178228257331352,0.46025211106722747,False,True,False,False
0.1492835916155935,-0.36788889762088045,False,False,True,False
-1.184929243081864,-0.7919735458692566,False,False,True,False
0.37165239739850314,1.6476545906952624,False,True,False,False
0.1492835916155935,-0.3275369756144514,False,False,False,False
-1.0366833725599243,1.3387202664101572,False,False,False,False
0.1492835916155935,-0.9441081045892112,False,False,False,True
0.7422670737033524,-1.0020253626025668,True,False,False,False
1.2611276205301414,-1.6275031546550833,False,False,False,False
-1.259052178342834,0.5054205405933268,True,False,False,False
-1.4814209841257435,-0.46780295116828324,False,False,True,False
1.557619361574021,1.236493291393709,True,False,False,False
-0.9625604372989545,-0.10797979169955446,False,False,True,False
0.37165239739850314,1.5934003432722255,False,True,False,False
0.8905129442252921,-1.0968218177121842,False,True,False,False
0.07516065635462366,1.2511528641848761,False,False,False,True
-0.2213310846892558,0.9348357792695011,False,False,False,False
0.8905129442252921,0.9153293801384295,False,False,False,True
-1.0366833725599243,1.169209126016997,False,False,True,False
0.9646358794862621,0.8813080219642935,False,False,False,True
-1.110806307820894,0.41795464704531493,True,False,False,False
0.001037721093653793,-1.2833977243481403,False,False,True,False
0.8163900089643223,-1.6227181761434406,False,True,False,False
0.8163900089643223,1.4306619368296083,False,False,False,False
0.8905129442252921,0.3850601782569197,False,False,True,False
-0.4436998904721654,1.0033759709223344,False,False,True,False
1.1128817500082018,-0.07940787387784934,True,False,False,False
0.5940212031814127,-1.331301552089491,False,False,False,False
0.001037721093653793,-1.3042242917579334,False,True,False,False
-0.07308521416731607,0.6219378934547312,False,False,True,False
0.5940212031814127,-0.2554514351863568,False,False,True,False
0.9646358794862621,-1.045265839509412,True,False,False,False
-0.8884375020379846,-0.04478726098221443,False,False,False,True
-0.8143145667770147,-1.5138167439480026,False,True,False,False
-0.07308521416731607,0.2658602241553228,False,False,False,False
0.07516065635462366,-0.8099221499299233,False,False,True,False
0.8163900089643223,1.006888182105995,False,False,True,False
1.2611276205301414,-0.66772825093857,False,True,False,False
0.445775332659473,-0.16981501432385826,False,False,False,True
-0.5178228257331352,-1.6945760024560408,False,False,True,False
-0.2954540199502257,-1.4855008806799268,False,True,False,False
0.07516065635462366,-0.3854217449240745,True,False,False,False
-0.14720814942828594,-0.08485081066991766,False,False,False,True
-0.8143145667770147,0.3278995799915377,False,False,False,False
-0.36957695521119555,-0.7320026210311867,False,False,True,False
0.8905129442252921,0.6543050604742194,False,True,False,False
-0.8884375020379846,1.221933623758099,True,False,False,False
1.2611276205301414,0.9460210456114777,False,False,False,False
-0.36957695521119555,-1.5983390074473818,False,True,False,False
-0.8884375020379846,-0.08289806810427408,False,True,False,False
-1.110806307820894,-1.3738478194851516,False,False,False,False
-1.259052178342834,-0.9025503911157547,True,False,False,False
0.29752946213753323,1.656883408248761,True,False,False,False
-0.7401916315160448,-1.2447264201767672,False,False,False,True
0.5198982679204428,-0.019717340395992117,False,False,True,False
-0.36957695521119555,0.3902346764538058,False,False,False,False
1.7058652320959606,0.6800262625556438,False,False,False,False
-0.5919457609941051,0.18913154923451106,False,False,False,False
-1.4072980488647737,-1.700933850589395,True,False,False,False
0.8163900089643223,-0.6123908266702955,False,False,True,False
-0.8884375020379846,0.04498362533376001,False,False,False,True
0.07516065635462366,-1.4324998830396147,False,True,False,False
-0.2213310846892558,-0.529327635474374,False,True,False,False
0.8905129442252921,-1.6203914036053382,False,False,False,False
-0.07308521416731607,-1.4644250308505877,False,False,True,False
-0.5919457609941051,-0.3701957082189955,True,False,False,False
1.1128817500082018,-1.2783419604413657,False,False,True,False
1.557619361574021,0.21625886114243537,False,False,True,False
1.3352505557911114,0.6353420595471405,True,False,False,False
1.1128817500082018,1.0172947828833776,False,False,False,False
-0.7401916315160448,-1.0465530278367206,False,False,True,False
0.5198982679204428,-1.158839818760924,False,True,False,False
-1.4072980488647737,-1.3750932646190712,True,False,False,False
0.8163900089643223,0.4530486810576418,False,False,False,True
-0.07308521416731607,0.6938122174303287,False,False,False,False
0.37165239739850314,-1.6259493065501687,True,False,False,False
1.4093734910520812,1.48347315407296,False,False,False,True
-0.9625604372989545,-1.555880569390588,False,False,False,True
-0.4436998904721654,0.12605001359809087,False,False,True,False
1.7058652320959606,0.7026967867410868,False,False,True,False
-0.8884375020379846,1.259216491373056,False,False,True,False
-1.110806307820894,0.7199738036917945,True,False,False,False
-1.0366833725599243,1.021218000351965,True,False,False,False
1.483496426313051,-0.5677448358970271,False,False,False,False
-0.5178228257331352,1.066235716831544,False,False,True,False
1.038758814747232,-1.459144220585927,False,False,False,True
-1.259052178342834,1.3411863267478308,False,True,False,False
1.6317422968349908,0.14769105491846823,False,False,False,False
-0.8143145667770147,1.0747348445521792,True,False,False,False
1.1870046852691716,-0.17978943672587872,False,False,False,False
1.3352505557911114,0.4776162101332853,False,False,False,False
-1.110806307820894,0.07485679076380569,False,False,False,False
0.2234065268765634,0.7801345100954864,False,False,False,False
-1.6296668546476831,-1.4539363266274044,False,True,False,False
-1.4072980488647737,-1.527073696836812,False,False,True,False
0.37165239739850314,-0.8851640509534674,False,False,False,True
0.9646358794862621,-1.186124341265792,False,False,False,False
1.038758814747232,1.262015931798926,False,False,False,False
-0.36957695521119555,-0.9810262528222479,False,False,False,False
-1.184929243081864,1.6197703031513537,False,False,True,False
1.557619361574021,-0.5765249397659116,True,False,False,False
-1.7037897899086532,-1.1085345772766648,True,False,False,False
-0.14720814942828594,0.9798693884541623,False,True,False,False
-0.5178228257331352,0.5296220183402719,True,False,False,False
-1.259052178342834,-0.022097416707572926,False,False,False,False
0.07516065635462366,0.1744024944630414,False,False,False,False
1.557619361574021,0.737554788194571,False,False,False,False
-1.4814209841257435,-0.9492635080678253,False,True,False,False
0.8905129442252921,1.6901261239506011,False,False,False,False
-1.3331751136038037,1.6160852534501946,True,False,False,False
0.5198982679204428,0.5008107158127986,False,False,True,False
-0.36957695521119555,-1.0486421629878981,False,False,True,False
1.483496426313051,0.6035931575011207,False,False,False,True
1.1128817500082018,-1.4863549634974906,True,False,False,False
0.2234065268765634,-1.6291584659230438,False,False,False,False
-1.0366833725599243,-0.8487991756976198,False,False,True,False
0.1492835916155935,-0.1443697432158639,True,False,False,False
-0.36957695521119555,1.249947550742397,False,False,True,False
1.1128817500082018,0.7649403291192453,False,False,False,False
-1.5555439193867133,0.818346372116426,False,False,True,False
1.557619361574021,-0.2719933894116364,False,False,False,True
-0.8143145667770147,-0.5454549829357138,False,False,False,True
0.29752946213753323,-0.4591671480802263,False,False,True,False
-0.2954540199502257,1.6602758685582677,True,False,False,False
0.29752946213753323,-1.596653498648411,True,False,False,False
-1.184929243081864,1.2456818965218632,True,False,False,False
1.2611276205301414,0.25453108418066334,False,False,True,False
1.1128817500082018,-0.226889555947725,True,False,False,False
-1.7037897899086532,0.7583703449471537,False,False,False,False
-1.5555439193867133,-0.061717778220230626,False,False,False,True
-0.8143145667770147,1.2676518860891843,False,False,False,False
0.29752946213753323,1.361415234313901,True,False,False,False
0.07516065635462366,-0.2849600823080281,False,False,False,False
0.6681441384423826,-0.7829934145116828,True,False,False,False
1.038758814747232,0.30153514850488644,False,False,True,False
-1.3331751136038037,1.4014986154713045,False,False,False,False
1.483496426313051,-1.0104208876154734,False,False,True,False
1.557619361574021,0.4067707488430018,False,False,True,False
0.5940212031814127,0.43630919174215627,False,True,False,False
1.557619361574021,0.785371156665151,True,False,False,False
1.7058652320959606,-1.282288155745191,False,False,False,True
-0.2213310846892558,0.7259478491440957,True,False,False,False
-0.5919457609941051,1.3900497506873195,False,False,False,True
-0.2213310846892558,-1.1169036073065544,True,False,False,False
-0.9625604372989545,-0.9180238103477217,False,False,True,False
0.9646358794862621,1.60440525740288,False,False,False,False
0.8905129442252921,-1.1124563477282716,False,False,False,False
0.8163900089643223,1.202213099077021,False,True,False,False
-0.36957695521119555,-0.04243855741736408,False,False,False,True
-0.2954540199502257,-0.8847246320721847,False,False,False,True
-0.4436998904721654,1.2584629697997378,False,False,False,True
1.7058652320959606,-0.20389494446962447,False,False,True,False
1.2611276205301414,0.03503524044316222,False,False,False,True
-0.7401916315160448,-0.4997451901151032,False,False,False,False
-0.666068696255075,0.30359929324795,False,False,True,False
0.5198982679204428,-1.17244687780584,True,False,False,False
-1.7037897899086532,-0.3902752041973836,False,False,False,True
-1.5555439193867133,1.5975899832599443,False,False,False,True
-0.5919457609941051,-0.8472505444770244,True,False,False,False
-0.07308521416731607,0.5228468250526774,False,False,False,True
-0.9625604372989545,-0.616760405107551,True,False,False,False
-0.8884375020379846,0.9240987607307296,False,False,True,False
-1.0366833725599243,-1.2846736883778471,False,False,False,False
0.5940212031814127,1.5989948638797484,True,False,False,False
-0.5919457609941051,-0.17473236493095673,False,True,False,False
-1.184929243081864,-0.9231551428530905,True,False,False,False
1.038758814747232,-1.481892255177167,False,False,False,True
-0.8884375020379846,-1.1510189744397994,False,False,True,False
0.001037721093653793,0.05207227556203289,False,False,True,False
0.29752946213753323,-0.5761558322708206,True,False,False,False
-1.184929243081864,1.1145573879402606,False,False,False,False
0.29752946213753323,-0.25345223404177386,False,True,False,False
0.8905129442252921,-0.8796265150257456,False,False,True,False
0.1492835916155935,0.38676048790310424,False,False,False,True
-1.184929243081864,0.6948485141007735,False,False,False,True
0.29752946213753323,-1.1603545249415335,False,False,False,False
0.29752946213753323,-1.1583701739886108,False,False,True,False
0.9646358794862621,-1.6084699408982983,True,False,False,False
1.2611276205301414,0.7966762335403612,False,False,False,True
0.8905129442252921,0.5471408092486953,False,False,False,False
0.2234065268765634,-0.10309557146904387,False,False,True,False
-0.5178228257331352,1.1671028533345666,False,False,True,False
-1.110806307820894,1.0347678643320297,False,False,True,False
0.6681441384423826,0.27748829846092343,False,False,True,False
-0.2954540199502257,1.2499433404765223,False,False,True,False
-0.8143145667770147,-1.0269917783565057,False,False,False,True
0.29752946213753323,-1.3498233913430118,False,False,False,False
0.37165239739850314,-0.8073228801524633,False,False,True,False
-0.8143145667770147,-1.5382970884228846,False,True,False,False
1.6317422968349908,0.0912416855786121,False,True,False,False
0.8163900089643223,1.4848255249441407,False,False,False,False
-1.3331751136038037,-1.599285228615709,True,False,False,False
-0.4436998904721654,-1.3147968418125708,True,False,False,False
-1.4072980488647737,-0.1801993497437287,True,False,False,False
1.7058652320959606,1.4754395239874671,False,True,False,False
0.07516065635462366,-0.6478123455168306,True,False,False,False
-1.6296668546476831,0.008972167041871155,False,False,False,True
-1.0366833725599243,-1.591622512895215,False,False,True,False
0.445775332659473,-1.2246265808209327,False,True,False,False
1.557619361574021,1.6567717998110074,False,False,False,False
-1.4072980488647737,1.5828317347551886,False,False,False,False
0.6681441384423826,-1.7175387271549523,False,False,True,False
-1.7037897899086532,1.537092607927128,False,True,False,False
-0.4436998904721654,0.46229380134711556,True,False,False,False
0.5940212031814127,1.2487300407785207,True,False,False,False
1.7058652320959606,-0.1714659010630097,False,False,False,True
-0.9625604372989545,0.03771173677801766,False,False,False,True
-0.2213310846892558,-0.05423269782579197,True,False,False,False
0.1492835916155935,0.557657853732757,False,False,False,False
0.07516065635462366,-1.2545029382645236,False,False,False,False
-0.14720814942828594,-1.631492054633466,False,False,False,True
0.2234065268765634,-0.676087692818571,False,False,True,False
-0.8143145667770147,0.6876424854357546,True,False,False,False
0.6681441384423826,-1.0406986833477745,False,False,False,True
0.7422670737033524,0.5802342897431128,False,False,False,True
1.2611276205301414,1.5993076568029425,True,False,False,False
0.8163900089643223,-1.4117587959346474,True,False,False,False
-1.7037897899086532,0.577380292476576,False,False,False,False
-0.2213310846892558,-0.2092399847234329,False,False,True,False
-1.3331751136038037,1.249499845905793,False,False,True,False
0.29752946213753323,-1.125611249393173,True,False,False,False
-0.5178228257331352,0.646207136067555,False,True,False,False
-1.4072980488647737,1.1462897810982857,False,False,False,True
0.5198982679204428,1.5123528030627476,False,False,False,True
-1.4072980488647737,0.6139729044037585,True,False,False,False
1.038758814747232,-0.025606681427923546,False,True,False,False
-1.5555439193867133,0.3891743062803476,False,False,False,False
-0.07308521416731607,1.2521215369054082,True,False,False,False
0.9646358794862621,0.22680741985492384,True,False,False,False
0.9646358794862621,-1.6300708571287574,False,False,False,True
-1.0366833725599243,1.4653810352874128,True,False,False,False
-1.0366833725599243,0.6355544191170012,True,False,False,False
-0.36957695521119555,0.5908242812770369,True,False,False,False
-0.5178228257331352,-0.9931900991813465,False,False,False,True
-0.2213310846892558,0.5302327988486705,False,False,False,False
-0.7401916315160448,-0.3807097988133656,False,False,False,False
-1.110806307820894,0.5039292971355595,True,False,False,False
1.6317422968349908,-1.3681321884561797,False,False,False,True
-1.7037897899086532,0.5266574936850866,False,False,False,False
1.557619361574021,1.7007121876115003,False,False,False,False
-0.8143145667770147,-1.5688020185611709,False,False,False,False
-1.4814209841257435,1.6242694120834582,False,False,False,True
-1.7037897899086532,-0.3358758911542214,False,False,False,True
1.1870046852691716,1.2584751688083928,True,False,False,False
0.5940212031814127,0.9547327290128309,False,False,True,False
0.7422670737033524,0.2144557256231923,False,False,False,False
0.29752946213753323,0.8037129435935538,False,False,True,False
0.5198982679204428,1.285155453774472,False,False,False,True
-1.184929243081864,-0.3453889475201389,False,False,False,True
1.1128817500082018,-0.610425226128524,False,False,False,True
0.1492835916155935,0.5601640461040246,False,False,True,False
0.7422670737033524,1.0422465863678247,False,False,False,True
-1.5555439193867133,0.8856428835785858,True,False,False,False
-0.8884375020379846,1.0077631269653529,False,False,False,True
-1.7037897899086532,-0.23731164462828921,False,True,False,False
1.483496426313051,1.0765787421575388,False,False,True,False
-1.4072980488647737,-1.3213305605927517,False,True,False,False
0.445775332659473,0.13702432432181852,False,False,False,True
0.445775332659473,-1.7147247240884158,True,False,False,False
-0.5178228257331352,-0.6188373071302763,False,False,False,False
1.7058652320959606,-0.4749002071642885,False,False,False,True
-0.07308521416731607,-0.37277565211666025,True,False,False,False
-0.666068696255075,0.6559732266456609,False,False,True,False
0.9646358794862621,-0.39894887240196314,False,True,False,False
-0.2213310846892558,-0.1922482913766602,False,True,False,False
-0.7401916315160448,-0.9180210400977511,False,True,False,False
-1.6296668546476831,-0.4515604241937918,False,False,True,False
-0.9625604372989545,-0.9533370366738662,True,False,False,False
1.1128817500082018,-1.4829262597648758,False,False,True,False
1.038758814747232,0.33968261490200236,False,True,False,False
0.7422670737033524,0.5622931209394065,False,False,False,True
1.038758814747232,0.394822065169697,False,False,False,False
0.7422670737033524,-0.14137560268732743,False,False,True,False
-0.4436998904721654,-0.42910149809975834,False,False,True,False
0.445775332659473,1.232971488207951,True,False,False,False
-0.666068696255075,0.04969313960677758,True,False,False,False
0.2234065268765634,-0.08745265840079432,False,False,True,False
0.7422670737033524,-1.646380568461655,False,True,False,False
1.038758814747232,-0.5615659218734194,False,False,False,False
0.6681441384423826,-0.427692781983034,True,False,False,False
0.001037721093653793,-0.3636666432778225,False,True,False,False
-0.666068696255075,0.2596765062239132,False,False,False,True
0.445775332659473,0.09960456949430345,True,False,False,False
1.3352505557911114,0.35500069973938675,False,True,False,False
-0.5178228257331352,0.8945732844453831,False,True,False,False
-1.4072980488647737,1.05991333234128,False,False,False,False
0.37165239739850314,0.7338470238882159,False,False,False,False
-1.4814209841257435,1.549851357603912,False,False,False,True
-1.0366833725599243,-1.6718487848110897,False,True,False,False
-0.5178228257331352,-1.0615815561455266,False,True,False,False
-1.0366833725599243,-1.7085231950598334,False,False,False,False
-0.5178228257331352,0.4910112230106795,True,False,False,False
-0.2954540199502257,1.3522332672692867,True,False,False,False
0.001037721093653793,-0.8976101037123546,False,False,True,False
-1.4072980488647737,1.4519271363617174,False,False,False,False
0.7422670737033524,-1.5273648099229358,False,False,True,False
-1.3331751136038037,1.4773678508903518,False,False,False,False
-1.6296668546476831,-0.525904977028481,False,False,False,True
-0.8143145667770147,-1.385910318675216,False,True,False,False
1.4093734910520812,-0.06445788969096347,False,False,False,True
1.4093734910520812,-0.8519144232222408,False,False,False,False
-0.9625604372989545,-0.7553404103626918,False,True,False,False
1.7058652320959606,-0.6782874500586162,True,False,False,False
-0.07308521416731607,1.0256789089716425,True,False,False,False
-0.5919457609941051,0.11871129184835072,False,False,True,False
0.5198982679204428,-0.6644775090950364,False,False,False,False
-0.9625604372989545,0.3633487065381043,False,False,False,False
-0.5919457609941051,0.7270673929657517,True,False,False,False
-1.184929243081864,-0.7974428972772346,False,False,False,True
-1.4814209841257435,-0.3130486564071533,False,True,False,False
1.1870046852691716,-1.3155661685288058,False,False,False,True
-1.4814209841257435,-1.1118637774281803,False,False,False,True
0.07516065635462366,0.6066509711986839,True,False,False,False
-1.5555439193867133,-1.1108704196516166,True,False,False,False
0.5940212031814127,0.07059708991138397,True,False,False,False
-1.5555439193867133,0.7026477794206974,False,False,True,False
0.2234065268765634,-1.3671563791067087,False,False,False,True
0.37165239739850314,0.21547300828631807,False,False,False,False
0.5940212031814127,-0.8526492514897507,False,True,False,False
-0.36957695521119555,1.5752979060789034,False,False,True,False
-0.2213310846892558,-0.07245331049257882,False,False,False,False
-1.4072980488647737,1.0358760215338207,False,False,False,True
-0.4436998904721654,0.1567453315090103,True,False,False,False
0.29752946213753323,-1.5852991014451823,False,False,False,True
1.3352505557911114,0.4417783846462278,False,True,False,False
-0.14720814942828594,1.5356886881092733,False,False,True,False
-0.2213310846892558,0.3333691734225082,False,False,True,False
-1.3331751136038037,1.0812349842741191,False,True,False,False
-1.7037897899086532,1.3047164841477894,False,False,False,False
-1.4072980488647737,-0.9505523700824721,False,False,False,False
1.2611276205301414,-1.0056683763128684,False,False,True,False
-0.8884375020379846,0.365573311200505,False,False,True,False
0.1492835916155935,-0.3217126877330609,True,False,False,False
1.6317422968349908,1.152291258073116,False,False,False,False
0.7422670737033524,1.3590822358469548,False,True,False,False
-0.7401916315160448,-0.5197224299054987,False,False,False,False
0.1492835916155935,-0.9203362724251634,True,False,False,False
1.557619361574021,0.9483395586206389,False,False,True,False
0.2234065268765634,-0.7899427068098686,False,False,True,False
-1.110806307820894,1.0930091298642357,True,False,False,False
0.1492835916155935,-0.2780260338920867,False,True,False,False
1.7058652320959606,0.5600145730885664,False,False,True,False
-0.14720814942828594,-1.4061402803202703,False,False,False,True
1.7058652320959606,0.40983931967487763,False,False,True,False
0.445775332659473,-0.181682004251763,False,False,False,True
1.4093734910520812,0.2817989444883655,True,False,False,False
-0.5178228257331352,-1.1570124911793127,True,False,False,False
0.1492835916155935,0.7982976851847304,False,False,True,False
0.8905129442252921,1.2311271581418106,False,False,False,False
-1.7037897899086532,-0.989530643142816,False,False,False,True
-1.184929243081864,-1.405524182551391,False,True,False,False
0.8163900089643223,-1.6532670212797766,False,False,True,False
-0.666068696255075,0.4720953236210684,False,True,False,False
1.7058652320959606,0.3522128983147235,False,False,True,False
-0.14720814942828594,0.14461484540342937,False,False,False,False
-0.7401916315160448,-0.9372594255071784,False,False,False,False
0.1492835916155935,-0.39087858092758876,False,False,False,False
0.29752946213753323,0.3088427561902677,False,False,False,False
-0.07308521416731607,-0.0270087517760134,True,False,False,False
-0.7401916315160448,1.6607431844231066,True,False,False,False
0.001037721093653793,-1.265541661396722,False,False,False,True
-1.6296668546476831,0.6548641901373442,False,True,False,False
1.557619361574021,-0.34477558316008705,False,False,True,False
0.1492835916155935,-0.26269123762935165,False,False,True,False
-0.7401916315160448,0.7320414022315218,True,False,False,False
-1.259052178342834,0.6455547436745409,False,False,True,False
-1.5555439193867133,1.6726720555815828,True,False,False,False
1.7058652320959606,-1.293195897371285,False,False,False,True
-0.07308521416731607,-1.3766681796360913,False,True,False,False
1.6317422968349908,0.7552120545241474,False,False,False,True
1.4093734910520812,0.2535394676956139,False,False,False,False
1.7058652320959606,-0.7921609987921118,False,False,False,False
1.557619361574021,-1.4615347474915954,False,False,False,False
-0.4436998904721654,-1.440090179996226,False,False,False,True
1.038758814747232,1.3390353621378281,False,False,True,False
0.8163900089643223,-1.0750234599561503,False,True,False,False
-0.666068696255075,-0.6230110442324809,False,False,False,False
0.07516065635462366,-0.9554448419846727,False,False,False,False
0.9646358794862621,-0.5143090199717052,False,False,False,False
0.29752946213753323,-1.4958918302207806,False,True,False,False
-1.0366833725599243,0.04961754003444843,False,False,False,False
1.1128817500082018,-1.5021176422714162,False,True,False,False
-0.5178228257331352,1.0165035588007993,False,False,False,False
1.1128817500082018,-0.9311927351216543,False,False,False,True
-0.14720814942828594,0.12163514367944513,False,False,False,True
0.1492835916155935,1.2905296781787206,False,True,False,False
1.483496426313051,0.5027069849748629,False,False,False,True
0.07516065635462366,0.09738837015138546,False,True,False,False
-0.5178228257331352,-0.6197037570542001,False,False,False,True
-0.8143145667770147,-0.5899091588481179,False,False,False,True
-0.2954540199502257,0.5666727107814714,False,True,False,False
0.07516065635462366,1.6825828990910625,False,False,True,False
-1.4814209841257435,0.5403854598256415,False,False,False,True
-1.0366833725599243,0.1827201707104967,False,False,False,False
-1.5555439193867133,0.7769068965053807,False,False,True,False
1.2611276205301414,-0.13549252074215043,False,True,False,False
1.557619361574021,-1.5277946295926517,False,False,True,False
-0.4436998904721654,0.19823383173814235,True,False,False,False
1.7058652320959606,1.5570750344705206,True,False,False,False
0.8905129442252921,-1.1319593171895026,False,False,False,True
1.7058652320959606,0.6371979032008993,False,False,False,True
-0.14720814942828594,-1.0438601366472127,False,False,False,False
0.7422670737033524,0.1072529153414747,False,False,True,False
1.7058652320959606,-1.4022179157996668,True,False,False,False
-1.184929243081864,-0.18648295176945884,False,False,False,True
1.1870046852691716,0.8646007307186733,False,False,True,False
1.483496426313051,-0.5398298209016875,False,False,False,True
-0.36957695521119555,0.5509465172602704,False,False,False,True
1.3352505557911114,0.9996385495738319,True,False,False,False
1.2611276205301414,1.4524196066951671,True,False,False,False
0.9646358794862621,-0.9279960965182664,False,False,False,True
-1.3331751136038037,-0.361971617266132,False,True,False,False
0.1492835916155935,-1.2106273227449909,False,False,False,True
0.7422670737033524,1.676891304128899,False,False,False,True
1.557619361574021,1.451811724392257,False,False,False,False
-1.3331751136038037,0.12144683648035332,False,False,False,False
0.9646358794862621,1.1597569272307495,False,False,False,False
0.6681441384423826,0.05614207354581694,False,True,False,False
-0.14720814942828594,0.40889876310872086,False,True,False,False
-0.2213310846892558,-1.4281760579494207,False,False,False,True
-1.3331751136038037,0.861531584885903,False,False,False,False
-1.3331751136038037,-1.295535994458095,False,True,False,False
-1.4814209841257435,1.1048790118712681,True,False,False,False
0.445775332659473,0.9535042697033979,False,False,False,True
-0.9625604372989545,0.7016112298345574,False,False,True,False
0.445775332659473,-1.6102265331294898,False,False,False,True
0.5198982679204428,-0.6925919239373128,False,False,True,False
0.001037721093653793,-0.8301360249532743,False,False,False,False
-1.110806307820894,-0.49664122610311356,False,False,True,False
-1.5555439193867133,-1.4332689750191547,False,False,False,False
0.5198982679204428,1.4860358849129645,True,False,False,False
1.1870046852691716,0.16903588711576503,False,False,True,False
0.9646358794862621,-0.6843564381530634,False,False,False,True
0.8905129442252921,-0.3699955200115399,False,False,False,False
0.001037721093653793,-0.1973735074412048,False,False,False,True
0.5198982679204428,0.32987182102473117,False,True,False,False
-1.3331751136038037,0.03799840006128894,False,False,False,False
-1.6296668546476831,1.4256577376605348,False,False,True,False
-0.2954540199502257,-0.026332906555510096,False,False,False,False
0.29752946213753323,1.6757725240840768,False,False,False,True
-0.9625604372989545,1.1920383847029485,True,False,False,False
-1.4814209841257435,-1.0178167227223598,False,False,False,False
-0.666068696255075,1.4641660346000782,False,False,True,False
-1.3331751136038037,-1.3345387197139866,False,True,False,False
0.445775332659473,1.0752570946542124,True,False,False,False
1.038758814747232,-0.42622275885735833,False,True,False,False
-1.6296668546476831,1.283295075798996,False,False,False,False
-0.666068696255075,1.2492057404596655,False,False,False,True
-0.9625604372989545,1.035645211641158,False,False,False,True
-1.184929243081864,0.981010310651819,False,False,True,False
0.1492835916155935,-0.6872615007281656,False,False,False,True
1.557619361574021,-1.4563791738607859,True,False,False,False
1.483496426313051,-0.34937664402945523,False,False,False,True
-1.4072980488647737,-1.1380722095809288,False,False,True,False
-1.3331751136038037,0.6541992028385271,False,False,False,False
0.1492835916155935,-0.5448887516825043,False,False,False,False
-1.4814209841257435,1.6188936165096155,False,False,False,True
-0.36957695521119555,0.46866006056209825,False,True,False,False
-0.2954540199502257,1.092549381438543,False,False,False,False
0.6681441384423826,-1.278998753882172,False,False,False,True
-0.2954540199502257,1.2284371856678955,False,False,True,False
-0.8884375020379846,1.4372248174053197,False,False,False,True
1.7058652320959606,-0.060367018238587256,False,False,False,False
-1.7037897899086532,0.3493218364063186,False,False,True,False
0.1492835916155935,0.8943207821563887,False,False,False,True
-0.7401916315160448,-1.1335552824064288,True,False,False,False
1.038758814747232,-0.007075414185486881,False,False,True,False
0.9646358794862621,-0.3642157540684222,True,False,False,False
-0.9625604372989545,-1.2313952359175302,False,True,False,False
0.8905129442252921,-0.47121242915671824,False,False,True,False
-0.8143145667770147,-1.5001936582750097,True,False,False,False
1.4093734910520812,-1.6457967826698083,False,False,False,False
-1.5555439193867133,-1.2699188683980176,False,False,False,False
0.6681441384423826,1.5759449207279774,False,True,False,False
-1.3331751136038037,0.1543495495163039,False,False,True,False
-1.0366833725599243,1.5852497160497907,False,False,True,False
-1.4072980488647737,-0.24791704887807706,False,False,True,False
-0.07308521416731607,-0.6627298965986766,False,True,False,False
-1.0366833725599243,0.005215443282574422,False,False,True,False
1.483496426313051,-0.22380885737683479,False,False,False,False
-1.6296668546476831,-1.3713231422026007,True,False,False,False
