Age,City,TotalPurchases,LoyaltyScore
56,Quetta,16795.338403761423,44.52465999576526
46,Islamabad,40683.847846877106,75.69339602139036
32,Lahore,13477.392083424429,33.657036439847985
60,Peshawar,34393.633388972536,71.64719982781392
25,Islamabad,38251.16513459464,61.126745886247676
38,Islamabad,30186.29828978437,53.560554061829045
56,Quetta,24107.23323895776,56.71549036492
36,Islamabad,21180.20479321616,45.326553985661036
40,Lahore,18094.545060606768,45.93416280836892
28,Lahore,46546.92806814347,67.51922505245894
28,Karachi,41700.35098159873,66.60189009503925
41,Lahore,48286.31862265911,79.2072604688729
53,Islamabad,7090.563950791691,35.334798875808865
57,Lahore,36812.50628497857,72.6595490974648
41,Quetta,46978.68238423085,74.10512561968781
20,Karachi,9880.420242117347,23.782682286966885
39,Islamabad,4258.317100972097,23.04544248051386
19,Karachi,37314.911815212894,52.11851277325078
41,Islamabad,29149.18254581568,57.24993697277949
61,Quetta,42249.610061155334,82.77780012367975
47,Karachi,7848.846454688185,33.07661591284795
55,Peshawar,39968.09828113462,77.62080517898481
19,Islamabad,10879.738682339483,25.407559581765607
38,Peshawar,9019.14120041952,32.439417596154506
50,Karachi,9049.024098618655,34.80227097153842
29,Peshawar,40914.161291337725,65.6252034121647
39,Peshawar,33594.66381411381,60.23687853195386
61,Karachi,26630.205813686847,65.90806251712895
42,Quetta,18582.693722051623,43.0517757939276
44,Peshawar,43982.826499842304,74.0664485250741
59,Peshawar,20229.810263709132,52.5481785627652
45,Quetta,41013.37253410728,72.09462282939984
33,Peshawar,22517.610519940703,44.45458355911305
32,Peshawar,19470.27704182047,40.336257016039106
64,Peshawar,23671.309497810715,61.10391647799656
61,Lahore,15767.515834042963,50.76309302621117
20,Quetta,37632.8596286363,54.71434788253477
54,Peshawar,25633.299114531477,56.01492830625403
24,Quetta,12378.422062194048,24.934450480805562
38,Islamabad,45079.154090453856,75.04508709915157
26,Islamabad,19810.669847287358,37.713448437801404
56,Peshawar,27634.090194585442,57.449232691601885
35,Quetta,45417.1334372628,74.19406697831523
21,Quetta,31587.661799785612,52.16606445254804
42,Quetta,6728.003994709839,27.641771092134743
31,Lahore,47051.774057060284,72.63444896102443
26,Islamabad,31757.694600499475,50.16231733333465
43,Quetta,17410.37511819722,43.649063992779
19,Quetta,7824.331560505976,16.55718009445672
37,Lahore,39907.2342742445,66.24578981489584
45,Lahore,31383.565040497164,62.12290630459416
64,Quetta,27139.593506839756,67.03893568680539
24,Karachi,44800.73656949693,66.61387552123568
61,Quetta,39641.26335000201,77.39142541358292
25,Quetta,8432.069106904808,19.433280759598556
64,Lahore,16274.381321981864,50.01415816389967
52,Lahore,13175.96785090882,40.87261461158103
31,Quetta,37453.36833606117,59.04857443667017
34,Quetta,2643.0893020531894,20.29081309909106
53,Quetta,28924.59455869451,60.52573799809084
57,Lahore,38360.47560129384,74.87681346622348
21,Quetta,43961.51620132572,65.65907404368619
19,Quetta,17762.005687079465,30.001482382036635
23,Peshawar,41241.60792892863,58.22419556020591
59,Karachi,6420.955110805154,35.80173093671643
21,Islamabad,42476.162294991394,62.63857169393622
46,Karachi,7246.944454267138,33.05222091502591
35,Peshawar,20467.077237457997,42.872663078982065
43,Islamabad,40067.472923198125,72.18244211961378
61,Quetta,8345.953940089916,40.14241858835393
51,Peshawar,12233.318366399433,44.284314335697964
27,Quetta,36390.37585126025,58.80482529372412
53,Lahore,36281.79029075764,64.99117340849342
31,Peshawar,32416.23401137957,58.00079807358262
48,Lahore,35003.4737788879,64.47019531439403
32,Peshawar,27593.49772403221,47.04399488992479
25,Peshawar,13338.153886440685,29.553326883394607
31,Lahore,17939.103681692053,33.55056347335737
40,Islamabad,9898.288123269858,30.4870072852806
57,Karachi,45514.07750534779,86.23109008766576
38,Quetta,29586.197943539904,55.615872690242895
33,Peshawar,20641.719421418355,42.89454286758046
62,Quetta,23638.2843785625,58.05212005328005
35,Lahore,47416.88364097895,71.32352037123853
64,Quetta,8514.21875268793,43.63069736185298
41,Lahore,29725.261768823064,58.030826435071575
43,Quetta,25788.545265338835,54.21624109056882
42,Karachi,30961.257536297744,58.571647503793024
62,Karachi,1887.399007221185,31.33074232172128
58,Karachi,43734.07153826342,86.35642502203557
46,Karachi,46673.79584169701,79.96812989600477
32,Karachi,28691.525995871238,50.08205791186715
62,Karachi,35135.89036996772,72.82416996899452
18,Lahore,46202.46967768749,64.74215856937208
42,Peshawar,35654.693081356534,65.9248482219438
24,Quetta,8474.413102798806,22.54855196996947
26,Karachi,29238.129648173846,49.802781884703606
41,Lahore,30729.03727275994,57.67764010309834
18,Lahore,21782.402893816914,34.914175689639535
61,Lahore,37085.767545611416,76.28542184139047
25,Peshawar,46783.983723681726,69.84735253576567
41,Quetta,46352.857132432044,75.78416032072813
28,Peshawar,23091.12919880247,40.21094112313444
34,Islamabad,6548.664246197008,25.541854924917278
25,Lahore,49257.218749154395,71.76535983691045
52,Islamabad,42106.00623585077,75.41746405747942
52,Karachi,7108.4713789600755,32.8453646896785
50,Karachi,46121.25224825124,81.1664543856904
22,Peshawar,43624.92174104429,64.45009620330853
59,Quetta,26423.064799177533,60.48761352970332
56,Islamabad,29972.496351501533,62.80712154997598
58,Quetta,20551.132489636384,52.00084860948928
45,Peshawar,3683.3203022795356,27.68449424102528
24,Karachi,17424.664840649144,31.301643661497497
26,Quetta,40339.81898130256,65.89005191560453
25,Quetta,1226.96912722554,13.151800080728654
29,Karachi,17341.459412866065,30.459322739694073
51,Islamabad,20510.265985956223,50.051975849889196
50,Karachi,27332.384543958222,57.65279449311226
40,Quetta,46072.92520422526,77.51094738011868
41,Islamabad,17970.9537239321,42.64139694217393
54,Islamabad,18000.706892915157,46.93317790461859
52,Karachi,37137.56115737767,69.99228964185964
61,Quetta,23158.679103600552,58.94525446762263
57,Peshawar,12005.636324059116,38.577335088250116
39,Quetta,23169.536290501976,49.980687017383275
44,Lahore,7901.993998610193,29.820053026722903
52,Peshawar,9642.962338804942,40.405642448461165
18,Islamabad,25420.020864234506,40.28895531933458
52,Peshawar,21527.347025722847,53.09200470365536
54,Islamabad,45827.4491523369,84.29178585480682
64,Islamabad,18757.301056715023,55.65502537344302
31,Peshawar,29448.82916362413,52.184367428983855
20,Islamabad,31980.95010805699,48.04830724874563
18,Islamabad,1641.6283728283481,11.714291410338207
22,Lahore,33513.33122881882,50.041001844639084
43,Quetta,9723.76237661782,32.481692652765446
31,Quetta,48092.4455560033,77.14032476314178
56,Lahore,8284.473659902535,36.324981221782195
44,Peshawar,21316.582062624162,47.88853272842155
26,Karachi,5182.133735853549,19.44549855645521
32,Karachi,49846.83834045142,75.1946970649801
32,Karachi,25607.555506230885,47.75786848061794
43,Lahore,30173.865848682144,58.88808320390134
59,Lahore,4286.747392032947,32.79245850414438
30,Islamabad,37748.063049559714,60.50038908256475
49,Karachi,11285.374061683702,35.87771419647573
56,Peshawar,45004.66018259498,83.58268945574856
49,Peshawar,11051.842383618352,38.11518548106727
21,Karachi,10343.698312519662,23.077097748457767
47,Karachi,2790.9337245566494,28.167183167212787
54,Karachi,24131.280310389964,55.406515791531156
40,Lahore,28677.215529868205,56.24070255427825
56,Lahore,4219.723331989266,31.166778252874845
62,Lahore,39000.85321805552,80.62477689945568
32,Quetta,23211.152902653354,42.751561118074314
60,Peshawar,26695.123197051424,58.64178970107053
46,Peshawar,22597.37459997318,49.45977970304235
53,Islamabad,20637.389982890974,50.38093158496075
30,Lahore,28422.376234102678,48.43470350862314
49,Quetta,8606.772050604912,35.291422491693865
24,Quetta,9914.478394268284,26.093058794898486
39,Peshawar,43227.49542966235,70.98958268780055
45,Lahore,47359.657644548,77.9483540338198
19,Islamabad,19292.156497707896,30.397494172681878
59,Lahore,14266.488984034135,45.683421198222874
62,Karachi,32555.97761871177,66.29152346395342
23,Lahore,21027.974383806722,35.283303073535336
45,Karachi,2243.931427356898,27.68082550455265
45,Karachi,8651.477270943327,31.235054315975148
61,Islamabad,36082.63921352248,75.05659877782759
61,Peshawar,33287.273153597416,67.99176360469993
37,Lahore,2327.703632670691,24.835436157825935
47,Karachi,11876.635934714523,41.427176587786846
28,Lahore,12322.6650328155,29.969241152498352
45,Peshawar,33922.74443633769,67.18979852689228
42,Peshawar,1965.8163499638435,24.070565569811937
56,Quetta,6101.3205172441185,36.85861884899205
50,Peshawar,40195.88818328628,75.75893357340661
18,Islamabad,9748.688440662347,21.057863034991712
44,Karachi,32984.55928474186,58.4767162185201
30,Quetta,12670.9562712896,31.783074236016315
58,Islamabad,5872.628245207913,35.10343470538257
20,Lahore,12915.43735897325,24.703465188856978
56,Karachi,36391.0796609273,72.26508542607014
23,Peshawar,42929.126937208,64.14751408408434
25,Karachi,41680.77336378259,62.817197304551534
44,Lahore,20461.992951304288,47.825850613879766
26,Quetta,33736.17169196166,52.069691762233596
54,Quetta,11044.230475375227,40.1676689810037
50,Quetta,15364.23878278965,45.13525744024932
59,Peshawar,44920.45510753487,86.95012848191529
61,Islamabad,1637.0942520260658,36.71738428037769
41,Islamabad,5189.9180118689355,27.593854979698186
32,Karachi,11186.426502155338,31.103731456077618
49,Peshawar,2300.077989817166,31.22325191741098
49,Quetta,9890.336319400069,35.0267315098131
41,Quetta,29569.036487514917,57.242243490443066
58,Lahore,21649.8029790324,56.51644947381118
29,Lahore,44740.91384277177,71.0848194834796
56,Quetta,41054.7345251836,74.99139866914788
19,Quetta,17749.05023319592,28.92004871223407
20,Peshawar,13711.748238133332,26.49686230796941
54,Islamabad,19604.92800019608,51.28136892487857
34,Lahore,29924.452183225578,55.15507052733831
19,Islamabad,14135.118400320936,27.497229632009663
19,Peshawar,31583.296484607567,47.097129321308515
45,Quetta,21061.17095737078,48.60632803835722
40,Islamabad,28050.31186174703,54.26246318664534
54,Quetta,22370.199927630518,57.334272773132206
49,Quetta,15428.822217553967,43.34590454820182
50,Karachi,47474.21204114568,81.20288762226969
18,Islamabad,38416.68391382828,55.9992387567376
36,Islamabad,7865.545612556175,27.835625373744474
19,Quetta,43554.93081899773,58.62393027144793
61,Peshawar,24884.128714226168,60.32965033382706
43,Karachi,44833.05911781048,75.09819445056056
49,Quetta,40192.90754141845,71.6437453181435
23,Lahore,21835.46171899244,39.77372063803687
49,Lahore,2100.9961076857526,25.44983613599891
21,Karachi,14165.190609862359,28.409465970883904
28,Peshawar,27540.07651838248,46.752377822371514
34,Quetta,32040.432771481217,55.66390933707102
55,Islamabad,13636.496586226913,44.68736848556403
41,Karachi,7828.447629568383,27.278988387700057
22,Peshawar,41911.58160316566,61.67721970726836
51,Islamabad,49235.706854474054,89.16074320479528
23,Lahore,26758.818932831604,40.497056027640475
39,Lahore,9412.285006566872,30.679526080449236
28,Islamabad,14343.058999449078,33.45814944898653
33,Karachi,1901.14315082587,19.38461027689824
50,Lahore,45800.64152146445,81.33670372998941
26,Quetta,6769.803061616915,16.372431651755065
23,Islamabad,29249.307300198423,47.79566750949801
33,Islamabad,14428.705813673094,32.291070563940515
46,Lahore,28154.722123273878,57.405421117094946
20,Karachi,32919.59902924135,49.444649373270636
37,Quetta,41657.34838165288,73.04548411630671
53,Karachi,11114.642316269557,40.930961427055216
36,Peshawar,1538.7956042655433,19.62130706659308
43,Peshawar,7707.395873371556,27.72948952953876
20,Lahore,45100.91345055715,64.36338994436838
36,Lahore,43820.613800563246,72.23119431736954
37,Lahore,30273.242006345106,54.66678662397568
49,Peshawar,30425.326161249017,59.99907867362394
24,Karachi,33586.79705276652,51.158983135627174
58,Karachi,9593.19265254903,41.58211405396948
50,Lahore,45806.18535032303,81.48619829900595
57,Quetta,21519.755719711582,57.04612709429613
56,Karachi,19773.787884225374,49.738545674649735
35,Peshawar,26426.96755885904,50.26431618746608
57,Islamabad,3301.332371977697,32.2181909375375
18,Islamabad,9147.88506904789,19.792993673590907
28,Islamabad,37163.64720489215,59.40002835393858
45,Quetta,5057.134728331197,29.383874181247332
42,Lahore,30554.453363853023,58.72288024820677
40,Peshawar,13022.106374384726,33.51158526487006
48,Quetta,20075.485088056852,46.5909592913353
47,Peshawar,15145.993101764294,44.64692827315252
59,Peshawar,18427.963106782507,51.17241079317733
52,Lahore,36233.24935402803,70.09192802086942
24,Islamabad,15558.964065535576,32.78008950272906
33,Lahore,28753.827374547964,51.93147899417919
43,Quetta,24326.469707755885,51.78480891125114
19,Quetta,33519.88710276976,51.51301988181122
18,Quetta,46904.65722691314,61.05226115050177
29,Lahore,36896.03276330227,57.795339005641644
22,Peshawar,11532.07855094708,25.77570585413568
54,Peshawar,2527.973618002949,32.80885695571885
49,Karachi,13850.938170691428,41.25331692414126
26,Quetta,30158.818604312488,47.501149401662786
58,Peshawar,3519.864860728267,31.587665733652916
52,Karachi,25321.94611286058,58.154057742338836
36,Peshawar,30245.299596927573,53.858812351529316
33,Quetta,17377.95065003108,37.33914068845662
20,Islamabad,38774.69798354527,57.759697967798964
37,Quetta,6223.314403554818,20.164929918878624
41,Lahore,4681.7513050546295,30.118836589081717
50,Peshawar,36681.249053976564,67.55535119466975
41,Peshawar,25279.074494103726,51.318762131871615
28,Lahore,34731.71742495907,52.268666882958335
25,Lahore,22306.539591583565,38.4227652890902
53,Islamabad,13073.699628716233,44.677815647189675
55,Peshawar,41136.013566035785,73.0308819199112
57,Peshawar,40171.378069479986,78.95805385775425
37,Islamabad,35040.12707186691,60.00076029377552
52,Karachi,14335.111724268172,44.176462949562186
42,Islamabad,29921.302676585266,58.22061203887254
52,Quetta,18687.720950061313,49.30810813905543
42,Peshawar,5487.521593005074,25.855124608344436
46,Lahore,45948.365197649895,77.40893994410982
35,Quetta,7704.112915029109,23.8218231435333
63,Peshawar,47561.63033721932,89.55754906783935
35,Islamabad,22854.282874939832,48.32924975795965
19,Quetta,10071.513513092363,17.93693444235791
52,Peshawar,27553.14642153955,57.54048389357139
33,Karachi,43774.345957944,68.66566459776693
58,Karachi,36879.0194340685,73.6015061683093
53,Lahore,40521.496245211034,76.8841480971221
50,Peshawar,33280.38496882515,64.63206200187486
21,Karachi,34921.55166137477,51.77394454075842
50,Islamabad,42610.58692670064,78.33896572418026
31,Peshawar,13233.732434100111,32.70447005504674
38,Islamabad,24981.823218513884,50.05614381361885
37,Islamabad,11839.26264916051,32.932146602168835
25,Karachi,49395.7323918357,73.74118329204256
24,Peshawar,47258.90764464405,67.39807039111233
20,Quetta,2931.913757056789,11.93290794409599
34,Karachi,35573.183453268735,61.180022117661125
50,Karachi,46337.167553367624,77.35452912554732
29,Peshawar,9848.191911239343,26.502189312760187
39,Peshawar,28829.316297078843,53.46206285196959
39,Islamabad,45858.92658181405,71.71920243687094
63,Peshawar,2663.352950704143,32.83348838141244
47,Islamabad,35173.59309509516,65.49035952952349
55,Karachi,15570.101361254987,48.25204814650402
55,Lahore,46295.41357344999,81.74858030562434
62,Quetta,48581.85401310302,91.7249876155336
25,Karachi,47269.05796655826,69.34922801498294
44,Peshawar,24236.496616215725,53.704565343798805
44,Quetta,43240.089898476355,72.67912466061152
51,Lahore,42382.92052821845,76.2618854576514
38,Lahore,16635.923188919525,39.700075033377416
47,Islamabad,41616.85823338319,73.08120895457681
50,Quetta,2813.3741010591384,30.282097215561436
45,Islamabad,30217.2240456206,54.34554140416418
64,Karachi,12270.43302709745,51.56933071009682
50,Quetta,6907.777403086661,35.00488209769431
22,Karachi,4770.706879831248,16.377784597727462
36,Islamabad,35118.15001802885,59.037136674479925
21,Quetta,17653.87322463524,29.95180664666518
52,Islamabad,36513.57180490931,71.10751711423065
34,Quetta,4202.460699148176,24.03291617656252
61,Islamabad,16449.226553699904,49.914019608180084
45,Lahore,27435.073326391524,57.636068817626835
47,Islamabad,39745.435077109214,69.38000199900881
46,Lahore,16618.872643671428,40.77502547243204
63,Islamabad,31668.677445413447,73.12909534498723
23,Quetta,44412.90966357317,65.97770882336489
52,Quetta,31177.296220932923,66.20645186874617
58,Quetta,12415.014262928054,42.19013769873828
54,Peshawar,2195.638296270363,27.787715171986974
41,Karachi,43634.84482114556,72.14459514645958
46,Quetta,2042.2011316689698,23.80252367492474
63,Lahore,43860.381961525774,85.54318877428783
48,Quetta,26917.91956733339,54.799251366947175
52,Peshawar,47014.31722713191,80.07384095642371
50,Lahore,40140.378552909606,73.45248508800199
38,Peshawar,49898.77141613354,76.29855334770981
49,Lahore,18184.8789571338,42.72292688560977
40,Islamabad,38592.22615762522,66.57718585687282
50,Karachi,20694.614766852865,46.33509763420301
20,Karachi,24513.90539489153,40.96724526646068
35,Peshawar,31747.767697700136,52.80665378473457
42,Karachi,43810.1785951306,69.09086674131723
59,Peshawar,49220.08999076546,87.97651468863697
48,Peshawar,38645.397279361394,70.66366574182665
20,Peshawar,21470.572326199355,36.74763691880311
57,Karachi,21646.493111576438,54.819823131923435
63,Peshawar,37141.53277785568,73.95121409119133
41,Karachi,12700.080142646815,37.16621853302939
49,Peshawar,6413.231543438338,34.1161548650855
64,Quetta,18376.48572439805,51.64025861236658
39,Peshawar,15074.710591050005,37.22764043194078
40,Lahore,15519.097902343514,38.074037428594174
19,Peshawar,12446.779801445588,24.876898927310773
44,Islamabad,3062.5662921817325,25.265231967069862
59,Peshawar,1875.8228019372768,31.615231818178778
19,Lahore,49398.39709706554,70.06170757696204
43,Lahore,21960.883553057254,45.62535406446644
34,Karachi,19832.005710824404,42.27315312351094
57,Quetta,34302.716851960424,71.945525685415
50,Peshawar,11694.440505388144,42.30159859344351
26,Karachi,47548.098013561044,65.77098296799853
60,Quetta,39530.90570636205,77.07128353340401
56,Peshawar,5381.139113300716,30.527165787253686
46,Islamabad,21461.458013461488,43.88362223660813
59,Peshawar,44076.79707054607,82.68034257987024
43,Lahore,47291.86909227911,77.4519393250342
52,Lahore,23902.674051243615,55.282910765033826
42,Islamabad,31057.158071324677,59.24084506576424
41,Karachi,9184.663358511687,34.017387946429864
30,Quetta,49567.26268071185,74.58855606746577
24,Peshawar,12351.913367788726,32.66900727598465
53,Lahore,47193.85693262116,83.74544802911582
62,Karachi,32832.68580062606,74.0841810498857
37,Islamabad,30779.102949064098,50.76924793782842
18,Lahore,26121.737039808922,43.04556350687196
25,Islamabad,12302.820774170175,26.90186394941309
63,Peshawar,9649.873568269904,39.18315376306934
33,Quetta,11803.824244438592,31.505679311782554
31,Lahore,10135.474845068471,27.05665873811353
29,Lahore,39199.63920477091,62.699673542621376
40,Peshawar,18156.137699169776,43.80951815410589
32,Karachi,3834.291151606422,17.622849148404512
45,Quetta,48486.028876899756,82.71307261719002
51,Lahore,44305.50836320786,78.67956900429087
19,Quetta,46459.86187656543,67.95751660126507
49,Lahore,49750.48330967533,83.79028351361465
40,Quetta,9520.867211754878,30.48422286904301
39,Islamabad,20415.858926230278,44.05313879285424
42,Lahore,38153.68530950048,66.98814378416027
39,Quetta,35105.01028463582,60.300442738579505
39,Karachi,8540.899410652899,28.75646983087291
59,Islamabad,40975.82312454027,76.21723668042075
23,Islamabad,11997.588019996372,25.02781544441526
32,Karachi,11967.06312630853,31.713095871565393
60,Quetta,27311.746721777265,62.49938771832043
54,Peshawar,30054.056807243454,65.0829987607868
50,Karachi,29424.224184052746,59.93821008555715
25,Quetta,5482.855032489989,16.21639004354136
61,Karachi,43995.58226888864,84.48924849777953
61,Karachi,14014.402086846598,45.97003622214911
22,Lahore,7346.231142857405,19.348742793901813
56,Quetta,44548.65591357988,83.93353119126408
21,Peshawar,47826.923413257915,65.57056717646647
23,Lahore,43244.25324600708,63.72259147013726
62,Karachi,40666.287661519025,79.71850849375126
49,Karachi,33106.857051312065,65.63007989244868
47,Karachi,27992.011159847825,58.80072012278143
64,Quetta,5262.351235659096,38.842499491288706
52,Quetta,21014.207440464237,50.496299635396284
57,Lahore,19261.737333603385,52.560829808375985
33,Peshawar,13727.935404255984,35.644834279396306
30,Lahore,36447.58557074066,58.68252280560939
59,Islamabad,25297.91101885977,59.32298099378566
47,Karachi,4971.264579474749,30.24185801070568
36,Karachi,11788.976895540756,32.22422631538814
34,Karachi,34479.6794193202,55.70019645534864
36,Lahore,4730.412115024709,24.155156138824612
45,Lahore,42709.13878838967,71.05744172854006
43,Karachi,25262.179823684743,52.563577081238584
54,Lahore,24548.742289005753,54.86420529799377
43,Quetta,30027.98144831636,57.60732734635233
40,Quetta,41409.36733033231,70.47242860879724
26,Lahore,18042.65118720746,39.5589881165361
29,Karachi,34222.791475394115,57.052849694046785
18,Lahore,28720.86623579376,46.194637102437184
18,Lahore,14084.385238301646,29.64475792334982
64,Lahore,44052.86933140274,85.84195503168219
51,Islamabad,40073.875058739475,74.16002967102177
49,Quetta,33264.139898262845,62.283525660262995
42,Peshawar,42678.50472561785,71.98094580594064
57,Peshawar,43497.415847030315,79.25072355716466
62,Islamabad,35709.7858590367,73.04962533059526
18,Lahore,42013.65308981993,63.15771046016884
33,Islamabad,35176.1016217949,58.94056496455386
56,Islamabad,34326.89781625472,67.44047822407344
22,Karachi,31311.95753254403,51.32341594843544
39,Quetta,37883.115338324424,66.87028935846419
46,Peshawar,8771.650159360612,35.54128717643353
20,Lahore,44162.66720074749,58.9829402346922
29,Peshawar,43720.33285951637,70.86174134686262
43,Peshawar,2433.116868693398,23.302710758244302
33,Quetta,41465.02077767337,67.81393447879356
54,Peshawar,7314.6235061988145,40.82514778867264
39,Peshawar,17420.823858697953,44.71565412681878
46,Islamabad,37431.90455828878,65.96316121900117
31,Quetta,8877.234906367103,23.263647213635977
45,Karachi,41080.384181834044,74.65715421589671
22,Lahore,41774.574719929355,61.41360128710322
64,Peshawar,25865.918954280973,62.037339862533
47,Lahore,1312.9077141248454,26.31792635082791
63,Karachi,15064.868525570726,49.25208307576598
22,Lahore,31229.41900041137,49.87795107459113
29,Karachi,49078.12272334375,73.52771088364997
33,Islamabad,31958.86282381675,56.29541124523644
43,Peshawar,13730.375472143829,36.18738518829982
43,Karachi,32066.279451880957,62.82845936852242
38,Lahore,27459.28360607692,53.346387068757174
56,Peshawar,39212.42436240603,76.34750397369439
53,Islamabad,6242.051302520962,31.75512170900117
50,Peshawar,38290.36722259937,74.34770550040774
47,Karachi,27522.062355129405,56.499042627422746
54,Islamabad,48186.60818909074,86.28002755176857
40,Lahore,17751.73613589562,40.656434435581524
27,Islamabad,31998.47276356346,52.419945445640344
22,Islamabad,46669.377169990854,67.59750730822782
53,Quetta,6022.976671543283,28.087710141845097
51,Islamabad,46924.195874586105,82.97393129881299
48,Islamabad,34706.40039273985,69.578363394732
27,Peshawar,4324.0158961534235,19.768379593368024
36,Lahore,15747.214780393997,34.981241238693315
49,Peshawar,35700.4323436188,68.64044194465033
18,Peshawar,4300.179471969814,16.279176426710453
22,Karachi,29526.35254863739,47.45655609074564
62,Peshawar,17948.26979069488,52.389669535973766
21,Quetta,31424.860370606377,47.72553399307979
33,Quetta,3241.3596568131297,19.89701207744214
41,Karachi,43705.303501466435,74.34191800378213
33,Lahore,48700.95948969245,72.12690339751167
19,Lahore,48475.014908998884,66.92627156908785
45,Peshawar,37732.93975540331,70.97074735250587
49,Peshawar,7374.225766400967,36.617461452835514
44,Peshawar,38154.89660052211,64.8295817450232
37,Lahore,2204.758906481274,18.882883465250313
41,Islamabad,2084.0540249208652,22.459623670849165
29,Quetta,16856.90073832752,36.513459920221734
52,Islamabad,24943.51632982862,52.27727088768836
50,Islamabad,38749.96347258187,71.39033889726329
50,Lahore,34481.473453718754,65.42940983130322
60,Islamabad,22849.23261246067,60.07100848352328
54,Karachi,14407.706647801628,40.93543102942344
29,Peshawar,49859.100507727846,74.51600184026067
20,Karachi,21882.883809562674,35.47224169677802
18,Quetta,23117.964192154097,39.68115488313949
50,Peshawar,9017.56723839179,37.01638597877665
57,Islamabad,39945.66788874654,75.26317014798039
27,Quetta,34990.42906329294,57.195287762609695
60,Peshawar,11817.71102664926,43.403595525361965
61,Islamabad,5036.671235176293,38.54266490469106
46,Karachi,34344.46580166094,63.73920498022196
30,Peshawar,33071.049499775625,56.794592557268274
29,Islamabad,14389.716822912256,32.639824097749205
48,Karachi,47592.31455027011,87.63175962170698
63,Quetta,8401.836697264112,41.47641202588492
19,Quetta,22184.405251087494,36.88701088454789
52,Quetta,47237.18008821234,81.72576662242295
40,Quetta,21566.638529379994,45.88533691676555
34,Lahore,32287.77143554019,50.34165545434935
43,Peshawar,20482.12550017692,47.00971863329437
25,Peshawar,14436.54491508483,32.50960232400062
46,Lahore,49214.90475003159,82.8511457092366
43,Islamabad,21057.366309437108,44.14111665536977
27,Islamabad,44810.86098027759,65.66945887091511
43,Quetta,12267.775688663223,31.36094657208333
51,Karachi,11442.130497229082,41.18840461040575
58,Islamabad,2525.5700613410568,30.017657488190103
24,Karachi,32931.674443418364,51.46059215167758
21,Peshawar,19057.790842464296,33.06187386630271
62,Karachi,43353.554242142214,85.99971916188719
28,Peshawar,24187.2854278863,43.19530514939504
46,Lahore,48441.47796782137,82.74755940159766
53,Lahore,10090.750269452936,39.701827851638846
42,Quetta,43562.53522982493,75.9938651157127
38,Islamabad,39053.24578679534,65.3856475551485
53,Quetta,38775.170387558544,76.76943512607929
27,Peshawar,42394.37817772749,60.40192950047435
54,Quetta,38290.175556206945,74.6631576634508
26,Karachi,31684.795759939356,49.28851569459896
41,Peshawar,7430.999006436991,28.431699702164483
52,Lahore,2593.7827950713436,30.25136788788768
52,Islamabad,46121.54454296866,82.46865755125788
53,Peshawar,31215.865411516163,65.17189452119953
35,Peshawar,40030.327257832636,62.76407682118869
56,Karachi,24594.595224114953,60.41157473149642
49,Islamabad,6748.101259157329,30.79642727453344
41,Lahore,7134.103817924972,27.526350401059567
40,Peshawar,34592.6990742196,62.78703236539718
49,Peshawar,22084.98885007367,50.42854427056592
54,Karachi,10825.7116083165,40.607375611104786
29,Quetta,25088.132790330408,40.29255795513092
30,Lahore,4146.23791668157,20.544134399056347
40,Islamabad,29516.59869380554,55.855582191591076
42,Peshawar,14180.676817319785,36.99709510525518
52,Peshawar,40080.39593122222,69.94832319793709
58,Lahore,16207.735987255115,48.02366666174293
47,Quetta,23305.78730500826,51.39219704641268
34,Peshawar,1569.4064554969311,18.148829765935325
37,Lahore,4549.897501933385,20.287528073455068
42,Karachi,20232.184263927556,48.4680891313469
39,Quetta,24517.00290113905,47.64268042547812
30,Islamabad,30401.00685784588,51.036798903569256
36,Peshawar,15291.466356755858,31.53081098567045
53,Lahore,35054.11242020058,71.75464560163711
29,Karachi,43145.99746227102,65.34209709125712
58,Islamabad,39212.69845577414,76.25216378107736
36,Lahore,2941.3224420695,23.771061820116703
29,Lahore,24544.84041563362,42.60120008932709
26,Islamabad,6141.578742490568,22.29638446576177
24,Karachi,12860.205777263845,23.309596020834327
45,Karachi,49346.46707009018,82.81773379925085
31,Quetta,7982.281602174148,28.223222255648285
48,Peshawar,25445.519519116446,53.373789728503674
36,Islamabad,31289.630981587838,57.7853204185022
64,Islamabad,35420.783556661096,78.17278557238087
33,Islamabad,28422.78549085879,50.097658912922505
22,Karachi,1478.7715235399992,12.099469256548277
52,Peshawar,16996.6041039556,44.59933743308211
29,Quetta,26367.87052585086,45.12198432065076
42,Lahore,5305.458458096834,25.73583036917096
38,Lahore,18180.719629249856,39.018641358245375
53,Islamabad,2626.9523307769614,32.05001339035506
40,Peshawar,4850.346360596017,24.2405635821387
33,Karachi,20449.24053387821,41.55613247009309
56,Peshawar,7503.071948109958,37.080153208164425
62,Peshawar,28809.50156481635,68.56759100292187
59,Karachi,34783.783487726025,70.2342277211612
56,Islamabad,40228.74825634506,77.03679400092273
31,Peshawar,10807.361967995694,30.050973766147052
48,Lahore,9206.646530694417,38.02747505147447
22,Karachi,6123.824176385612,17.3130823215722
52,Quetta,32185.0822276382,63.38631373570108
40,Islamabad,35617.31059785816,60.61721060950968
46,Karachi,2547.72109645646,30.529864557444235
60,Quetta,46874.4000659408,89.01822495548974
28,Quetta,3546.592898922148,18.17150869008249
35,Peshawar,27523.520429752454,54.391102817957055
64,Peshawar,35743.965453094905,74.68903175498257
29,Peshawar,43677.4870635582,68.36180541913689
26,Karachi,35990.25967448896,56.208655412832194
27,Karachi,40284.6760704198,62.6372221880047
61,Islamabad,17633.059434597497,52.24319420658409
34,Peshawar,40926.4305735791,65.2617459415416
55,Quetta,4925.627472849083,35.595750043589604
24,Lahore,44846.016146965856,67.24712421172684
63,Islamabad,27832.026431533075,66.95382090484264
30,Karachi,41047.59072816219,64.89756324479333
57,Islamabad,23163.595941396707,54.48317536612178
59,Islamabad,32535.307064629724,71.96114061067108
26,Islamabad,26793.73038586955,44.6273639959086
44,Islamabad,36847.886566011264,66.94559793635034
19,Lahore,4999.86911949889,16.770605661043206
22,Peshawar,3957.252115537626,16.46354597108039
46,Quetta,13108.058466497176,40.560504202257164
54,Islamabad,8817.68932554623,39.727983035288474
55,Islamabad,43717.39476301788,79.51120670952696
36,Islamabad,11741.48538054417,35.3407171405643
25,Peshawar,48817.39753513743,70.54706993384238
62,Karachi,17507.893796784236,52.68297065390265
18,Karachi,9923.777868746265,20.133177075287055
39,Lahore,39695.226849981475,65.78732517467618
34,Karachi,33276.68099954293,59.020399377033236
24,Islamabad,25411.59010620381,48.73770192229666
42,Islamabad,28212.813995943932,54.131857018492084
62,Islamabad,36240.88713534093,76.91970771176527
21,Lahore,12194.282325233638,24.481316164879978
53,Islamabad,49820.36188678035,86.26346431042441
23,Karachi,48764.86494519237,73.53300547869418
48,Peshawar,32865.95863099991,61.292079787049275
36,Peshawar,10777.580095528112,28.25677797738749
61,Quetta,34331.18387913328,71.52302335743363
56,Karachi,4537.722039979617,34.77257850385089
44,Islamabad,2501.972608084497,25.929700273063162
27,Peshawar,13626.46153704947,30.573112195845354
43,Karachi,23668.524880226498,49.97049381929496
36,Peshawar,43545.35276501065,71.82750337198063
56,Islamabad,36631.28441854909,66.13019641816896
20,Peshawar,37392.619538799074,53.36953283638341
62,Quetta,21849.173387955692,57.031783246979934
30,Quetta,17950.814634801183,37.950047159966445
45,Peshawar,19180.89938624553,48.49660954363177
37,Karachi,49394.82862306683,76.00359493134592
45,Karachi,2965.3503792116417,28.972577706127105
25,Karachi,43484.54330999998,63.77632863359724
58,Peshawar,29355.095020047276,63.966294458095355
56,Karachi,22492.155540289932,56.15345168594314
18,Islamabad,36537.62536034169,52.438678273796484
20,Quetta,24846.77812981044,42.03636896910516
30,Islamabad,43797.738666001365,66.74807810897536
45,Karachi,45134.391336551664,75.88219962130133
42,Islamabad,21664.325416799315,49.101150408577844
50,Karachi,14564.562064517528,40.951225700885715
55,Peshawar,30025.16610107475,64.02805751192302
23,Islamabad,45705.80393521786,63.02599938687377
61,Peshawar,11322.447261277663,47.726215417655574
62,Peshawar,31525.362594610655,71.24353898600634
49,Lahore,31946.450784533507,68.33595534060171
62,Karachi,36922.53809834877,77.98377318091129
64,Quetta,7446.81657123573,38.676879426281914
38,Karachi,36075.42326942234,63.62780764362799
33,Quetta,45542.59351261641,69.3150946906961
38,Karachi,9804.472334641856,33.921441815676424
28,Peshawar,12639.622921270004,26.965266929568863
54,Islamabad,48598.35960804034,83.01972176116881
53,Islamabad,9867.870682764998,35.12182191192463
52,Lahore,42864.86957510938,76.46108384760525
36,Quetta,25121.614965953704,46.7669823095773
37,Quetta,13114.322645755676,31.71388896322828
35,Quetta,43666.74516235306,73.87971240331073
64,Peshawar,22819.95749513061,60.443710386930015
58,Quetta,26226.05034255482,61.29572949077921
31,Islamabad,18602.43510058852,41.001250959202075
32,Peshawar,30054.591720311444,52.5780256484596
48,Karachi,9012.669756666117,33.31784330498906
18,Quetta,20162.995295936274,29.795174870088218
20,Quetta,48501.203794429086,66.5913297686281
33,Karachi,13648.53820235525,35.88907704384323
40,Quetta,33180.09656252332,57.30544364365567
28,Karachi,16934.31314701005,35.02743025240782
29,Peshawar,38900.183158643435,63.248070076543236
27,Islamabad,7412.809375199142,22.966060931125472
49,Karachi,48521.231208848694,83.5234441081996
33,Lahore,23235.687527798324,45.694032859104844
25,Karachi,12566.472703976733,28.338328988417377
55,Quetta,4601.34061917062,36.239757087951304
29,Peshawar,9318.137349289496,23.601181362692174
41,Peshawar,26468.923479244866,52.74355792877141
45,Karachi,17513.15564513303,39.87930590616534
25,Islamabad,41615.284928247864,58.290849539524366
45,Lahore,22113.48865942849,48.872844329610224
53,Peshawar,13186.999356793865,43.41115836604215
43,Quetta,31240.10434359747,62.2494607667921
25,Quetta,35632.08362738685,60.098083818885144
45,Islamabad,9185.053487146542,36.161785525906815
45,Peshawar,9213.341598127565,35.01034140654914
54,Karachi,2796.8999197436056,30.676209615239955
58,Quetta,37083.698738216386,70.4379823594929
53,Islamabad,33526.42185346845,66.43963301267854
44,Peshawar,24256.91291174088,53.68904899660551
34,Peshawar,42364.35199949066,69.63378611144488
26,Peshawar,40477.83749455261,59.000736700097235
50,Peshawar,29682.363855440854,61.84688792104598
37,Peshawar,43545.29274514967,71.81113691791504
30,Quetta,11086.219291801644,29.00324339039145
45,Islamabad,6484.061350488666,30.22516250983173
46,Peshawar,14217.730964332492,41.392445091087374
30,Lahore,3797.2559483764276,20.95133321587651
63,Lahore,27027.30687205057,62.64985071559787
52,Islamabad,46893.67892245311,83.18244282970792
23,Karachi,2927.8334927569726,14.634609909813939
35,Karachi,6983.385786491313,22.90559520829709
22,Karachi,23157.75238588833,37.66608879298967
64,Lahore,46759.875858867345,84.98447165994997
42,Karachi,16491.649143860777,42.75016604277314
19,Quetta,25854.505625731228,41.23718550598611
27,Peshawar,3037.0700934692127,16.433502889751164
47,Lahore,8268.816847142354,36.26362290314812
62,Islamabad,49344.876024983496,90.34983304514253
22,Islamabad,48290.81612536623,66.08653383850574
50,Peshawar,1242.0590657860712,25.61151379857566
18,Lahore,47638.77748573871,69.43224135743304
35,Karachi,32316.87695295952,54.94130109337313
49,Karachi,43527.996431481086,77.28403829529294
64,Quetta,23282.252926059096,61.42645676030019
28,Quetta,26264.205400383264,46.6969434495698
38,Karachi,24953.482432589088,53.8430985170231
43,Islamabad,33676.34861975911,59.559011829864396
42,Islamabad,7842.911483059333,28.25856761860559
39,Quetta,2468.70590376122,20.1429381903092
44,Peshawar,16088.567137968355,40.71444372352825
30,Karachi,35529.357374095685,59.83398362527973
50,Quetta,10890.81915402447,36.00551382523634
51,Quetta,33998.18923292095,68.52454809139302
58,Karachi,48525.690259256255,87.30108165096297
52,Karachi,5601.135073681501,30.503368701995953
18,Islamabad,33957.50379303119,46.24626463850171
38,Peshawar,22743.760745923988,43.237371907490136
23,Peshawar,43538.97046449776,62.415057740929456
45,Karachi,9680.33968292191,33.77810526801965
34,Lahore,34938.67165908206,61.618531944359376
22,Quetta,42067.6491927574,63.07935545568535
48,Quetta,47286.09675422714,79.06543360091196
22,Karachi,34479.153386192644,53.19231463017551
55,Lahore,25361.563436412936,61.23696866208001
20,Islamabad,31274.514769859477,51.277252565891445
40,Karachi,43576.34423945719,71.66280106424144
54,Karachi,28959.877585302653,63.668429961773185
54,Quetta,2488.965925145006,32.76666984394966
27,Karachi,46616.48607984191,66.42563944945351
27,Karachi,34786.8108005465,54.2193587863364
36,Karachi,34149.15590308508,63.41902455254861
34,Quetta,11568.082467488142,30.279626740743964
38,Islamabad,33285.388041400205,53.084562920278046
31,Islamabad,20299.355877053764,39.61730343169108
26,Karachi,32910.41587503311,54.741750048271456
63,Quetta,6223.058485091546,38.980691055711645
18,Islamabad,33234.41992554876,50.31203180425978
62,Islamabad,49971.272562762664,92.84197107062666
30,Islamabad,3362.3899041672453,18.32499298213613
21,Quetta,48881.53502684455,68.1190560593847
18,Quetta,20938.49007542066,34.433070042413334
57,Karachi,43666.9190665257,81.2558607256906
49,Peshawar,39336.8887188554,71.81242010232042
51,Islamabad,28783.79678834672,60.230869191381
45,Peshawar,37184.011253315,65.62372123473652
48,Quetta,44047.26250376605,78.35728882468115
25,Quetta,20802.875760900617,38.661914807306665
56,Quetta,17024.624916598696,45.75753316664752
43,Peshawar,33712.075892615656,61.17616643696685
51,Quetta,40584.45115512167,74.3875011312249
20,Karachi,38351.97160405417,54.95373992031266
29,Quetta,40092.86879407309,63.8861865080633
18,Lahore,22343.582425833716,35.67853383408618
61,Peshawar,41073.87659257606,80.12679697000165
22,Lahore,6890.2437131598135,18.46687384082563
47,Quetta,27679.965800081627,52.72952131327672
47,Karachi,1282.174364407957,20.93791259416465
34,Islamabad,16904.705665113244,38.46486589151995
64,Quetta,18956.615208698495,55.281762403416984
40,Karachi,20412.461888853515,45.37227867932639
32,Peshawar,35077.89312780325,58.362417437489725
54,Lahore,20039.346962246942,51.47635116144336
38,Lahore,22985.987508504,48.52123175744238
31,Lahore,12639.662412842046,31.556833640213277
19,Peshawar,19289.337789837664,34.72902404841742
28,Karachi,12136.211735894422,28.9063777655265
56,Peshawar,4586.600264653738,32.903156836544944
55,Lahore,30568.981075687516,64.5711830151375
51,Quetta,33742.4271291958,64.31855679206036
55,Islamabad,31355.026954471112,64.36633848754151
51,Peshawar,23711.208146228044,54.308592392753724
35,Peshawar,19609.50322878226,41.36004053834073
47,Karachi,43303.34882901944,75.25118083481735
32,Karachi,26435.007471674686,44.94563954566121
44,Peshawar,24479.912003856818,52.648713497469615
51,Lahore,2256.4612245153485,29.876210282617517
55,Islamabad,17721.14355368166,52.052753254922465
50,Karachi,19629.585320506994,49.43905437778585
41,Lahore,20542.316263948123,45.15370318512071
32,Quetta,29428.446092139282,49.28807629134684
47,Karachi,27146.524789617044,59.05986548626257
59,Lahore,30787.349546878788,66.9404854100026
34,Lahore,38479.27981556429,63.56188212632806
22,Islamabad,40836.30119708858,59.49544904014859
46,Islamabad,36188.030735098226,65.78969774924813
21,Quetta,47820.6611017918,69.26132679025186
27,Lahore,1893.39655114172,13.72919461605288
34,Lahore,10593.12129849376,32.96260927651007
27,Islamabad,1370.580873928964,17.959749963791502
34,Karachi,32726.260993575546,55.56339009855647
37,Karachi,45003.49689854936,70.77646714651314
41,Peshawar,12930.632532238664,31.986347061975565
22,Islamabad,46424.692695019025,64.20680348905437
51,Peshawar,3953.102124188482,31.703545534791925
23,Islamabad,46787.3653134702,68.27552209396555
19,Quetta,18229.511674742087,32.36272114030268
30,Lahore,5969.62059401161,18.472385442165606
60,Quetta,24807.716200129955,58.97762819995062
60,Islamabad,13582.05181830489,49.03300779453003
28,Lahore,14958.77219613422,31.758471824722356
64,Karachi,16057.208281388042,48.724060468417676
40,Karachi,40348.268993800506,68.1947181308748
33,Peshawar,27418.90255708747,47.86064823177446
48,Islamabad,16254.077258644178,44.172250830263806
28,Islamabad,30906.355382235,51.128717216457424
33,Karachi,36091.38303693649,60.89625297248836
25,Quetta,14358.576035943155,27.29444398960156
21,Lahore,21263.905974742225,35.11925403236047
57,Quetta,6972.41857351043,39.047770971010735
21,Quetta,9876.318127199336,19.643021643768243
42,Karachi,34374.774844284155,60.243505781061025
20,Karachi,9890.47903708572,22.267169464486994
49,Karachi,26733.005799685947,57.153066637790715
20,Peshawar,35743.2668243992,51.9142205037935
44,Quetta,6236.969231642448,28.927497312693237
46,Islamabad,28798.298761816273,58.62440963729081
49,Lahore,13571.576401366825,42.48516168515992
36,Peshawar,48183.41688664141,73.68165693339017
38,Islamabad,24693.736689276313,49.36112306838748
22,Quetta,40493.634938982745,62.616393926790735
35,Karachi,27961.100565656827,50.82153655606592
45,Quetta,3127.214109886139,24.092978624286328
59,Lahore,32024.417404107095,65.6771170672741
39,Peshawar,47618.76376812619,76.3210416391277
38,Peshawar,30478.97918717023,57.64646963433951
23,Lahore,41140.25411191272,60.786793234602015
18,Islamabad,44326.11670407198,62.56980400469823
22,Islamabad,12175.90882549769,23.61840722624962
58,Peshawar,11390.197155503105,44.63447185255682
29,Peshawar,30938.068453698594,49.3343650021076
43,Karachi,21140.39502052853,45.85948105609097
63,Islamabad,42153.203840469294,83.34367433265574
51,Lahore,45101.133046502546,75.54249665916318
31,Islamabad,18317.647585833187,37.82909940237124
43,Karachi,12606.65738974962,34.54984173491598
62,Peshawar,39245.75024694923,78.12799909415732
44,Peshawar,14465.49574185867,38.654483674806535
26,Karachi,41308.10160717024,66.78139157930126
43,Lahore,21763.174428789378,46.82956693614744
64,Peshawar,33709.94506528205,76.13723682410516
39,Quetta,5681.230377898741,27.491381035845237
64,Peshawar,31569.106909152077,68.28001034952304
47,Quetta,23136.616258124228,51.92556136026859
60,Karachi,29743.81469559823,65.08375814204226
34,Karachi,9232.696179498307,28.563550396880434
43,Peshawar,37106.81350226492,64.60039422785137
53,Islamabad,43277.0567996182,81.81282342623376
18,Quetta,11620.250204448006,24.795096426931057
25,Lahore,5690.013220487925,19.391579000908692
52,Peshawar,2158.2907162704832,32.04817839566365
32,Lahore,32456.603521720033,55.09648271422974
64,Peshawar,30747.60776835026,71.09237925174263
39,Islamabad,27788.17322298943,52.92240904263216
31,Islamabad,12365.407709682795,31.12626444124051
43,Islamabad,20154.39379937022,45.5223949973587
45,Islamabad,30129.340424122478,58.84581121669484
40,Karachi,25341.5760840993,50.750955021695155
31,Karachi,49401.490490529475,73.44232492365857
41,Quetta,7685.547875279924,28.920520116489733
19,Lahore,35062.083148332094,51.14098974502617
62,Peshawar,20811.619637110314,56.43336559813697
43,Peshawar,21981.781131355125,47.81697931861921
31,Karachi,36162.290517250636,61.24081368835218
24,Peshawar,34929.371414894114,55.60948233583221
20,Karachi,49571.54369140723,69.09319731763792
64,Quetta,7291.320183252136,43.51315201480644
40,Lahore,6101.372819824151,31.06768863093989
63,Quetta,36492.602039308316,71.20346985732574
60,Islamabad,29340.958933314047,67.07373089010942
64,Islamabad,14433.872661430487,47.934678799053586
62,Islamabad,4891.549080460343,38.47135493919902
35,Quetta,5197.254230225096,26.21318095756298
55,Peshawar,44815.352858541795,79.52443824122903
52,Lahore,10401.498911218403,34.77714449543056
32,Islamabad,16845.20654366052,37.885116028824356
42,Islamabad,12106.163709122413,35.79820141591412
54,Islamabad,18394.818985764927,45.73690527511266
45,Lahore,4401.768294558575,32.84125096439593
27,Islamabad,26433.929754505247,46.46955452991939
56,Lahore,4313.015616018531,34.51581881947254
34,Islamabad,40217.46888329572,67.99259816507896
56,Quetta,12451.892013611217,41.780622510640455
39,Quetta,27460.58381562102,52.71360880292258
43,Lahore,44123.87529051145,71.81000652105422
61,Quetta,32892.99108331252,68.75569240540466
42,Lahore,27114.93154101543,54.30923785015699
34,Quetta,16892.353902653405,33.94025534891918
30,Quetta,17317.093739851698,34.50793339646587
37,Lahore,33804.860804711316,57.209965045778134
42,Peshawar,49712.828699837206,80.93957893104533
21,Quetta,33430.12030261955,51.765546886474155
27,Islamabad,28331.38745113122,48.981970550110375
20,Peshawar,36801.875001723056,56.15988329162397
58,Lahore,23795.07500190219,60.29832369542737
62,Peshawar,3946.9747874384757,36.95086065229298
35,Karachi,28552.54397801758,55.53772457140993
64,Karachi,47923.63894076363,89.74737177144573
53,Quetta,9589.844175525322,37.66117070212929
64,Quetta,34810.23965021262,74.98690230697524
39,Islamabad,10845.750744293768,32.08207854316734
51,Peshawar,27255.556539180983,61.91179730456728
64,Karachi,5737.146032689261,41.14654218549754
25,Quetta,23068.175876651072,41.68236734038031
57,Peshawar,38052.00311586706,74.42524242712317
61,Quetta,18031.004687710123,51.32225128242242
36,Quetta,33580.67449987368,59.699459408983934
59,Karachi,39977.04807869673,75.21826279074217
58,Karachi,46431.71315449318,87.78678285227386
54,Quetta,12497.462010917223,41.64168100232992
23,Lahore,20566.4798746561,36.78998931606878
43,Quetta,8468.384653190455,29.84285943144197
51,Quetta,49631.69160576039,86.50400245315092
62,Islamabad,46423.04742829047,85.80017368827191
23,Islamabad,27457.89938374742,45.7479368411071
54,Islamabad,42259.63142444464,79.22634464728834
50,Lahore,26526.940886330067,55.537064836419
39,Lahore,31555.698712135225,55.119780212734284
38,Quetta,5367.097173684814,28.504316441510866
23,Islamabad,38008.250604343586,56.725302657154145
23,Lahore,7257.960698126506,20.659250469843084
21,Karachi,41477.31388237389,61.24370570814215
47,Quetta,39319.37629584891,68.17585129522226
28,Peshawar,35728.49018940584,57.79952050092678
47,Quetta,2771.8586457133433,27.024483447165284
48,Peshawar,15853.289441321102,41.736885934176534
41,Islamabad,13892.5159256313,34.8579471410821
26,Peshawar,18646.683966104436,36.58779185523987
20,Islamabad,5294.494591428089,18.608817526103465
48,Karachi,46910.93332852208,80.6503010290121
57,Peshawar,28136.309794906436,59.39464107018834
54,Quetta,15970.691222243153,44.05016383234232
53,Islamabad,20452.094336639886,50.17826578531975
41,Quetta,22912.92448473695,51.12474886400584
48,Lahore,30429.122334670246,60.021445477406544
23,Islamabad,26268.29195712839,42.084812502957675
19,Peshawar,46050.20668750645,61.41327842565551
37,Islamabad,25351.21066238568,47.60808321464259
45,Quetta,49615.74272634232,79.57301856362913
28,Karachi,42719.82292950969,63.25742785356602
21,Islamabad,11217.015203509454,24.200319604528833
32,Peshawar,46599.1655175519,71.11667020983992
23,Lahore,6701.953496388329,22.941333101008688
47,Karachi,41055.035716068385,74.92204960469702
55,Lahore,19650.541380352424,49.862881780802226
19,Islamabad,44020.74170180841,60.49125435868906
32,Quetta,43534.777815265064,71.00701724964648
28,Quetta,40490.344605763436,65.90849850588309
25,Peshawar,39711.491379046005,55.76529316776414
43,Quetta,15929.277815803998,40.800848626908206
62,Karachi,4965.044869511357,36.454297227620174
61,Quetta,20746.02875949291,56.69347479151136
22,Peshawar,9502.701234338925,26.288577729529717
23,Islamabad,35052.60335622062,52.595009988809146
43,Islamabad,17958.886600351492,38.92926689109395
21,Quetta,48804.89984213583,70.22389521086151
36,Lahore,32407.63178992127,59.66908628511393
37,Islamabad,41301.547618083685,67.45433757866087
50,Quetta,7493.708964350573,32.58237579694136
37,Peshawar,43238.709631358506,69.5119327468748
29,Quetta,46215.10233515632,71.65853353645005
64,Islamabad,24866.03402212786,60.930318943983465
18,Peshawar,30706.393949797894,46.505193340443164
43,Quetta,38475.680244246774,67.726422124576
31,Karachi,9567.092735760214,26.829752058066724
55,Peshawar,25625.737746708677,59.653469949554875
54,Karachi,20534.48836084334,50.684226233283624
28,Lahore,8172.325615950206,22.94561761877569
53,Peshawar,19009.186692285042,50.90622973074156
30,Karachi,4340.443159889184,18.234681143529716
60,Islamabad,2264.7834405248623,30.957299746985182
20,Islamabad,7623.1481685863155,16.627149219616392
50,Lahore,48192.64046786952,84.52919038799652
23,Peshawar,27926.94725885583,44.80186277446446
27,Peshawar,48325.285896507776,68.8631127836512
22,Peshawar,22192.396038176466,39.3384923704299
40,Lahore,16278.990521177719,38.42370430226239
27,Peshawar,25800.95127917196,42.717785377332575
61,Islamabad,22536.072743012595,57.15193017386121
19,Karachi,6177.569528825452,19.870530653526323
